key,ko,en,ja
ui.symbol.slipstream,슬립스트림,Slipstream,スリップストリーム
ui.symbol.braking,브레이킹,Braking,ブレーキング
ui.symbol.line,라인,Line,ライン
ui.symbol.pulse,펄스,Pulse,パルス
ui.symbol.trouble,트러블,Trouble,トラブル
ui.symbol.chance,찬스,Chance,チャンス
ui.stage.metroNight,메트로 나이트,Metro Night,メトロナイト
ui.circuit.mn1,하버 프런트,Harbor Front,ハーバーフロント
ui.circuit.mn2,크로스타운,Crosstown,クロスタウン
ui.circuit.mn3,올드 쿼터,Old Quarter,オールドクォーター
ui.circuit.mn4,그랜드 서큘러,Grand Circular,グランドサーキュラー
ui.sector.mn1s1,하버 대로,Harbor Boulevard,ハーバー大通り
ui.sector.mn1s2,창고 지구 시케인,Warehouse District Chicane,倉庫街シケイン
ui.sector.mn1s3,베이사이드 커브,Bayside Curve,ベイサイドカーブ
ui.sector.mn1s4,피니시 스트레치,Finish Stretch,フィニッシュストレッチ
ui.sector.mn2s1,고가 하이웨이,Elevated Highway,高架ハイウェイ
ui.sector.mn2s2,인터체인지 램프,Interchange Ramp,インターチェンジランプ
ui.sector.mn2s3,교차로 시케인,Crossroads Chicane,交差点シケイン
ui.sector.mn2s4,리버사이드 대로,Riverside Boulevard,リバーサイド大通り
ui.sector.mn2s5,스타디움 앞 직선,Stadium Straight,スタジアム前ストレート
ui.sector.mn3s1,골목 에스,Alley S-Curve,路地のS字
ui.sector.mn3s2,전차 궤도 구간,Tram Track Section,路面電車軌道区間
ui.sector.mn3s3,강변 지하차도,Riverside Underpass,川沿いアンダーパス
ui.sector.mn3s4,시계탑 광장 헤어핀,Clocktower Square Hairpin,時計塔広場ヘアピン
ui.sector.mn4s1,개선 대로,Triumph Avenue,記念大通り
ui.sector.mn4s2,서큘러 스위프,Circular Sweep,サーキュラースイープ
ui.sector.mn4s3,관청가 시케인,Government Quarter Chicane,官庁街シケイン
ui.sector.mn4s4,구시가 접속부,Old Town Link,旧市街接続部
ui.sector.mn4s5,그랜드 피니시,Grand Finish,グランドフィニッシュ
ui.sectorAttr.straight,스트레이트,Straight,ストレート
ui.sectorAttr.technical,테크니컬,Technical,テクニカル
ui.sectorAttr.sweeper,스위퍼,Sweeper,スイーパー
ui.sectorAttr.hazard,해저드,Hazard,ハザード
ui.sectorAttr.battleZone,배틀 존,Battle Zone,バトルゾーン
ui.sectorAttr.pulseSection,펄스 섹션,Pulse Section,パルスセクション
ui.team.axion,악시온,Axion,アクシオン
ui.team.vulka,불카,Vulka,ヴルカ
ui.team.gryphon,그리폰,Gryphon,グリフォン
ui.team.silvertrail,실버트레일,Silvertrail,シルバートレイル
ui.team.cometworks,코멧 웍스,Comet Works,コメットワークス
ui.rival.lorentz,빅터 로렌츠,Viktor Lorenz,ヴィクター・ローレンツ
ui.rival.maro,셀린 마로,Celine Marceau,セリーヌ・マルソー
ui.rival.diaz,라몬 디아스,Ramon Diaz,ラモン・ディアス
ui.rival.volkova,키라 볼코바,Kira Volkova,キラ・ヴォルコワ
ui.rival.holloway,에드가 홀로웨이,Edgar Holloway,エドガー・ホロウェイ
ui.rival.bianca,비앙카 그리폰,Bianca Gryphon,ビアンカ・グリフォン
ui.rival.sherwood,카이 셔우드,Kai Sherwood,カイ・シャーウッド
ui.rival.jude,주드 오카포,Jude Okafor,ジュード・オカフォー
ui.race.fillerName,No.{number} 머신,No.{number} Machine,No.{number} マシン
ui.race.playerName,플레이어,Player,プレイヤー
raceLog.gpStart01,{circuit} — 그리드 정렬 완료.,{circuit} — grid set.,{circuit} — グリッド整列完了。
raceLog.sectorStart01,랩 {lap} 섹터 {sector} 진입.,"Lap {lap}, Sector {sector}.",ラップ{lap} セクター{sector}進入。
raceLog.overtakeSuccess01,{target} 추월. 포지션 {rank}.,Overtook {target}. Position {rank}.,{target}を抜く。ポジション{rank}。
raceLog.defendSuccess01,{target}의 공세를 막아냈다.,Held off {target}.,{target}の攻勢を防いだ。
raceLog.defendFail01,{target}에게 자리를 내줬다.,Lost the position to {target}.,{target}にポジションを譲った。
raceLog.troubleHit01,머신 이상. 섀시 {amount}.,Machine fault. Chassis {amount}.,マシン異常。シャシー{amount}。
raceLog.stableSector01,안정 주행. 차지 +{amount}.,Clean running. Charge +{amount}.,安定走行。チャージ+{amount}。
raceLog.duelStartOvertake01,추월 듀얼 — 상대 {target}.,Overtake duel — {target}.,追い抜きデュエル — 相手{target}。
raceLog.duelStartDefense01,방어 듀얼 — 상대 {target}.,Defense duel — {target}.,防御デュエル — 相手{target}。
raceLog.duelWin01,듀얼 승리. 차지 +{amount}.,Duel won. Charge +{amount}.,デュエル勝利。チャージ+{amount}。
raceLog.duelLoseOvertake01,듀얼 패배. 섀시 {amount}.,Duel lost. Chassis {amount}.,デュエル敗北。シャシー{amount}。
raceLog.duelLoseDefense01,듀얼 패배. 피추월.,Duel lost. Overtaken.,デュエル敗北。抜かれた。
raceLog.duelLoseWaived01,듀얼 패배. 충격을 받아냈다.,Duel lost. The impact was absorbed.,デュエル敗北。衝撃を受け止めた。
raceLog.chanceProc01,결정적 순간이 열린다.,A decisive moment opens.,決定的な瞬間が開く。
raceLog.chanceDuel01,찬스 3매치 — 즉시 듀얼.,Chance three-match — duel now.,チャンス3マッチ — 即時デュエル。
raceLog.momentum01,흐름을 탔다. 전방 +{amount}.,Momentum caught. Front +{amount}.,流れに乗った。前方+{amount}。
raceLog.aiRetire01,{target} 리타이어.,{target} retires.,{target} リタイア。
raceLog.playerRetire01,섀시 한계. 리타이어.,Chassis limit. Retired.,シャシー限界。リタイア。
raceLog.gpFinish01,체커. 최종 {rank}위.,Chequered flag. Final P{rank}.,チェッカー。最終{rank}位。
raceLog.timeout01,머신이 코너에 진입해버렸다.,The machine entered the corner regardless.,マシンはそのままコーナーへ進入した。
vane.brief.sector01,섹터 {sector}. 변수 감시 중.,Sector {sector}. Variables under watch.,セクター{sector}。変数監視中。
vane.brief.provisional01,전개 후보 산출.,Development candidates computed.,展開候補 算出。
vane.brief.holdRespin01,후보 고정. 잔여 재연산.,Candidate locked. Remainder recomputed.,候補固定。残余 再演算。
vane.brief.negate01,트러블 변수 소거.,Trouble variable cleared.,トラブル変数 消去。
vane.brief.timeout01,궤도 재계산. 계속합니다.,Trajectory recomputed. Continuing.,軌道 再計算。継続します。
vane.brief.duel01,결판 국면. 연산 집중.,Decisive phase. Computation focused.,決着局面。演算集中。
raceLog.resonanceEnter01,미승인 출력이 감지된다.,Unsanctioned output detected.,未承認の出力を検知。
raceLog.resonanceProc01,레조넌스 — 출력이 넘친다.,Resonance — output overflows.,レゾナンス — 出力があふれる。
raceLog.timeout02,판단이 늦었다. 머신이 먼저 갔다.,Too slow — the machine went first.,判断が遅れた。マシンが先に行った。
raceLog.timeout03,개입 없이 코너를 받아냈다.,Took the corner with no input.,介入なしでコーナーを受けた。
raceLog.troubleHit02,차체가 비명을 지른다. 섀시 {amount}.,The chassis screams. Chassis {amount}.,車体が悲鳴を上げる。シャシー{amount}。
raceLog.troubleHit03,충격을 못 받아냈다. 섀시 {amount}.,Impact not absorbed. Chassis {amount}.,衝撃を受け切れない。シャシー{amount}。
raceLog.stableSector02,라인이 깨끗하다. 차지 +{amount}.,Clean line. Charge +{amount}.,ラインがきれいだ。チャージ+{amount}。
raceLog.stableSector03,리듬을 지켰다. 차지 +{amount}.,Held the rhythm. Charge +{amount}.,リズムを守った。チャージ+{amount}。
raceLog.momentum02,기세가 붙는다. 전방 +{amount}.,Carrying speed. Front +{amount}.,勢いがつく。前方+{amount}。
raceLog.chassisCritical01,섀시 임계. 한계가 가깝다.,Chassis critical. The limit is near.,シャシー臨界。限界が近い。
ui.eventCategory.c1,정비·머신,Service & Machine,整備・マシン
ui.eventCategory.c2,크레딧·스폰서,Credits & Sponsors,クレジット・スポンサー
ui.eventCategory.c3,관계·조우,Relations & Encounters,関係・遭遇
ui.eventCategory.c4,무대 환경,Stage Environment,ステージ環境
ui.eventCategory.c5,무드·플레이버,Mood & Flavor,ムード・フレーバー
ui.event.tempPitOpen,임시 피트 개방,Temporary Pit Opened,臨時ピット開放
ui.event.scrapRecovery,폐부품 수거,Scrap Parts Salvage,廃部品の回収
ui.event.theoAllnighter,테오의 밤샘 정비,Theo's All-Nighter,テオの徹夜整備
ui.event.surfaceData,노면 데이터 보정,Surface Data Calibration,路面データ補正
ui.event.usedPartsMarket,중고 소모품 장터,Used Consumables Market,中古消耗品の市
ui.event.controlAccess,제어계 접근 시도,Control System Access Attempt,制御系へのアクセス試行
ui.event.exposureDeal,소액 노출 계약,Small Exposure Deal,小口の露出契約
ui.event.fanSigning,팬 사인회,Fan Signing,ファンサイン会
ui.event.shootSupport,촬영 협조,Shoot Support,撮影協力
ui.event.leagueRaffle,리그 경품 추첨,League Prize Draw,リーグ景品抽選
ui.event.mediaColumn,미디어 기고,Media Column,メディア寄稿
ui.event.expoSponsor,전시 협찬,Expo Sponsorship,展示協賛
ui.event.paddockEncounter,패독 조우,Paddock Encounter,パドックでの遭遇
ui.event.rankFriction,순위 인접 신경전,Adjacent-Rank Friction,順位隣接の神経戦
ui.event.duelRecall,정면 승부 회고,Recalling a Head-On Fight,正面勝負の回想
ui.event.veteranAdvice,노장의 조언,A Veteran's Advice,ベテランの助言
ui.event.successorGaze,후계자의 시선,The Heir's Gaze,後継者の視線
ui.event.numberTwoCheck,2번의 견제,The No.2's Check,2番からの圧力
ui.event.crewChatter,크루 잡담,Crew Chatter,クルーの雑談
ui.event.teamDinner,팀 저녁 식사,Team Dinner,チームの夕食
ui.event.weatherBrief,기상 브리핑,Weather Briefing,気象ブリーフィング
ui.event.circuitWalk,서킷 답사,Circuit Walk,サーキット下見
ui.event.rivalData,라이벌 데이터 열람,Rival Data Review,ライバルデータの閲覧
ui.event.gridRumor,그리드 소문,Rumor on the Grid,グリッドのうわさ
ui.event.gridNightscape,그리드 야경,Grid at Night,グリッドの夜景
ui.event.fanLetter,팬레터,Fan Letter,ファンレター
ui.event.oldPoster,옛 포스터 발견,An Old Poster,古いポスターの発見
ui.event.vaneQuestion,베인의 질문,VEIN's Question,ヴェインの質問
ui.event.mnNightMarket,나이트 마켓,Night Market,ナイトマーケット
ui.event.mnLocalBroadcast,로컬 방송 인터뷰,Local Broadcast Interview,地元放送のインタビュー
ui.event.mnRepairAlley,정비 골목,Repair Alley,整備の路地
ui.event.mnNeonFestival,네온 축제,Neon Festival,ネオン祭
ui.eventVariant.rankFrictionJudeAdjacent,바로 앞자리의 시선,The Gaze One Place Ahead,すぐ前の席からの視線
ui.eventVariant.rankFrictionDefault,스쳐 지나가는 눈빛,A Passing Glance,すれ違う視線
ui.eventVariant.controlAccessAct2,잠긴 영역의 신호,A Signal from the Locked Area,施錠領域からの信号
ui.eventVariant.controlAccessDefault,점검 목록의 빈칸,A Blank in the Checklist,点検表の空欄
ui.eventVariant.exposureDealFront,선두권을 향한 제안,An Offer for the Front Runners,先頭集団への提案
ui.eventVariant.exposureDealDefault,작은 지면의 제안,An Offer of a Small Column,小さな紙面の提案
ui.eventVariant.neonFestivalReturning,돌아온 개막,"The Opening, Returned",戻ってきた開幕
ui.eventVariant.neonFestivalDefault,첫 개막의 야경,First Opening Night,初開幕の夜景
ui.eventVariant.vaneQuestionStage2,조금 더 긴 질문,A Slightly Longer Question,少し長い質問
ui.eventVariant.vaneQuestionDefault,짧은 질문,A Short Question,短い質問
ui.eventBody.tempPitOpen,"주최 측이 남는 피트 한 칸을 개방했다. 하룻밤이지만 제대로 된 리프트 위에서 섀시를 손볼 수 있다.","The organizers opened a spare pit bay. Only for one night, but the chassis gets a proper lift for once.","主催者が空きピットを一区画開放した。一晩だけだが、まともなリフトの上でシャシーを整えられる。"
ui.eventBody.scrapRecovery,"폐차장 구석에서 규격이 맞는 부품 몇 점을 건졌다. 테오가 녹을 닦아내며 쓸 만하다고 웃는다.","A few parts of the right spec turned up in a corner of the scrapyard. Theo scrubs off the rust and grins: still usable.","廃車置き場の隅で規格の合う部品を数点拾った。テオがさびを落としながら、まだ使えると笑う。"
ui.eventBody.theoAllnighter,"차고 불이 밤새 꺼지지 않았다. 아침에 보니 테오가 공구 옆에서 졸고 있고, 머신은 어제보다 조용하다.","The garage light never went out. By morning Theo is dozing beside his tools, and the machine sounds quieter than yesterday.","ガレージの灯りは一晩中消えなかった。朝にはテオが工具の横でうたた寝し、マシンは昨日より静かだ。"
ui.eventBody.surfaceData,"베인이 지난 대회의 노면 기록을 다시 읽어 서스펜션 설정을 보정했다. 불필요한 진동이 줄었다.","VEIN reread the surface logs from the last race and corrected the suspension setup. The stray vibration is gone.","ヴェインが前回の路面記録を読み直し、サスペンション設定を補正した。余計な振動が減った。"
ui.eventBody.usedPartsMarket,"패독 뒤편에 팀들이 남는 부품을 내놓는 장터가 섰다. 마르타가 값을 깎아 마모된 부품을 갈아 끼웠다.","Teams set up a market of leftover parts behind the paddock. Marta haggled the price down and replaced the worn pieces.","パドック裏に各チームの余り部品を並べる市が立った。マルタが値切って、摩耗した部品を替えた。"
ui.eventBody.controlAccess,"제어계 정기 점검으로 잡음 몇 개를 걷어냈다. 응답하지 않는 항목 하나가 목록에 남았고, 테오는 표시만 남겨 둔다.","A routine control-system check cleared out some noise. One item never answered; Theo leaves a mark on the list and moves on.","制御系の定期点検でノイズをいくつか取り除いた。応答しない項目が一つ残り、テオは印だけ付けておく。"
ui.eventBody.exposureDeal,"리버리 한구석에 로고를 넣자는 제안이 왔다. 큰돈은 아니지만 마르타가 계약서를 끝까지 읽고 서명한다.","An offer came in to put a logo on a corner of the livery. Not much money, but Marta reads the contract to the end and signs.","リバリーの隅にロゴを載せたいという提案が来た。大金ではないが、マルタは契約書を最後まで読んで署名する。"
ui.eventBody.fanSigning,"패독 입구의 작은 사인회 부스. 13번을 기억하는 사람이 있다는 사실에 테오가 들뜬다. 소정의 출연료도 함께다.","A small signing booth by the paddock gate. Someone out there remembers No.13, and Theo is thrilled. A modest fee comes with it.","パドック入口の小さなサイン会ブース。13番を覚えている人がいると知り、テオが浮き立つ。ささやかな出演料も付いた。"
ui.eventBody.shootSupport,"중계사가 피트 촬영을 요청했다. 렌즈 앞에서 테오가 필요 이상으로 진지하게 렌치를 돌린다. 협조 사례가 들어왔다.","The broadcaster asked to film the pit. For the lens, Theo turns a wrench with far more gravity than needed. A fee arrives.","中継局からピット撮影の依頼が来た。レンズの前でテオが必要以上に真剣にレンチを回す。協力料が入った。"
ui.eventBody.leagueRaffle,"리그가 참가 팀을 상대로 경품 추첨을 열었다. 13이 불렸을 때 아무도 믿지 않았다. 소액이지만 운은 운이다.","The league held a prize draw for the entered teams. When 13 was called, nobody believed it. Small money, but luck is luck.","リーグが参加チーム向けの景品抽選を開いた。13が呼ばれたとき、誰も信じなかった。少額だが運は運だ。"
ui.eventBody.mediaColumn,"레이싱 매거진이 언더독 팀의 시즌 일지를 연재하자고 했다. 마르타가 마감을 지키는 조건으로 원고료를 받아냈다.","A racing magazine wants to run an underdog team's season diary. Marta got a fee out of it, provided the deadlines are kept.","レーシング誌がアンダードッグチームのシーズン日誌の連載を持ちかけた。マルタは締め切りを守る条件で原稿料を取った。"
ui.eventBody.expoSponsor,"지역 산업 박람회가 전시용으로 머신을 하루 빌려 달라고 했다. 보레아스가 조명 아래 서 있는 동안 협찬금이 들어왔다.","A regional industry expo asked to borrow the machine for a day. While Boreas stood under the lights, the sponsorship came in.","地域の産業博覧会が展示用にマシンを一日借りたいという。ボレアスが照明の下に立つ間に協賛金が入った。"
ui.eventBody.paddockEncounter,"패독 통로에서 다른 팀 드라이버들과 스쳐 지났다. 몇몇은 13번을 힐끗 본다. 이름을 아는 눈빛인지는 아직 모르겠다.","Passing other teams' drivers in the paddock corridor. A few glance at No.13. Whether they know the name yet is hard to tell.","パドックの通路で他チームのドライバーたちとすれ違った。何人かが13番をちらりと見る。名前を知る目かはまだ分からない。"
ui.eventBody.rankFriction,"순위표에서 한두 칸 차이로 붙은 이름들 사이엔 말이 없다. 대신 시선이 오간다. 답은 다음 대회에서 나온다.","Names a place or two apart on the table don't talk. Glances pass instead. The answer comes at the next race.","順位表で一、二枠差に並ぶ名前の間に言葉はない。代わりに視線が行き交う。答えは次のレースで出る。"
ui.eventBody.duelRecall,"디아스가 정비 구역까지 와서 언젠가의 정면 승부를 몸짓까지 곁들여 떠든다. ""피하는 놈은 상대 안 해."" 그의 방식대로의 인사다.","Diaz strolls into the service area to reenact a head-on duel, gestures and all. ""I don't race cowards."" His kind of greeting.","ディアスが整備区画まで来て、いつかの正面勝負を身振り付きで語る。「逃げる奴は相手にしない」。彼なりの挨拶だ。"
ui.eventBody.veteranAdvice,"홀로웨이가 지나가다 머신을 한참 본다. ""후반을 남겨 두게. 이 리그는 마지막 랩이 길지."" 마르타와 눈인사만 나누고 떠난다.","Holloway pauses by the machine. ""Save something for the end. The last lap is long here."" A nod to Marta, and he's gone.","ホロウェイが通りがかりにマシンを長く眺める。「後半を残しておけ。このリーグは最終ラップが長い」。マルタと目礼だけ交わして去った。"
ui.eventBody.successorGaze,"그리폰 트레일러 앞에서 비앙카가 13번을 오래 바라봤다. 물려받은 것이 없는 사람이 어떻게 달리는지 보려는 눈이었다.","By the Gryphon trailer, Bianca watched No.13 for a long time, eyes trying to see how someone who inherited nothing drives.","グリフォンのトレーラー前でビアンカが13番を長く見ていた。受け継ぐものを持たない者がどう走るのかを見る目だった。"
ui.eventBody.numberTwoCheck,"셀린 마로가 지나치며 한마디 남긴다. ""서열은 데이터로 정해져. 감으로 달리는 건 오래 못 가."" 2번 머신의 그림자가 길다.","Celine Marceau leaves a line in passing. ""Rank is decided by data. Instinct doesn't last."" The No.2 machine casts a long shadow.","セリーヌ・マルソーがすれ違いざまに一言残す。「序列はデータで決まる。勘で走るのは長く続かない」。2番マシンの影が長い。"
ui.eventBody.crewChatter,"정비 사이의 짧은 휴식. 크루가 다음 대회와 상관없는 농담으로 웃는다. 이런 순간이 팀을 팀으로 만든다.","A short break between jobs. The crew laughs at a joke with nothing to do with racing. Moments like this make a team a team.","整備の合間の短い休憩。クルーが次のレースと無関係な冗談で笑う。こんな瞬間がチームをチームにする。"
ui.eventBody.teamDinner,"마르타가 드물게 저녁을 사겠다고 했다. 싼 식당, 늦은 시간, 내일 이야기는 금지. 테오가 두 그릇을 비웠다.","Marta, for once, offered to buy dinner. A cheap diner, a late hour, no talk of tomorrow. Theo cleared two plates.","マルタが珍しく夕食をおごると言った。安い食堂、遅い時間、明日の話は禁止。テオは二皿を空にした。"
ui.eventBody.weatherBrief,"다음 그랑프리의 기상 브리핑이 도착했다. 베인이 예보를 노면 조건으로 환산해 설정 후보를 정리한다.","The next Grand Prix's weather briefing arrived. VEIN turns the forecast into surface conditions and lines up setup options.","次のグランプリの気象ブリーフィングが届いた。ヴェインが予報を路面条件に換算し、設定候補を整理する。"
ui.eventBody.circuitWalk,"대회 전날, 마르타와 함께 코스를 걸었다. 도면에 없는 노면 이음새와 브레이킹 지점의 요철이 발밑에서 읽힌다.","The day before the race, a walk around the course with Marta. Seams and bumps missing from the drawings read through the soles.","レース前日、マルタとコースを歩いた。図面にない路面の継ぎ目とブレーキングポイントの凹凸が足元から読める。"
ui.eventBody.rivalData,"리그가 공개한 지난 대회 텔레메트리를 베인이 밤새 훑었다. 앞서 달리는 이름들의 습관이 몇 줄로 요약됐다.","VEIN spent the night combing the league's telemetry from the last race. The habits of the names ahead, summed up in a few lines.","リーグが公開した前回のテレメトリをヴェインが一晩かけて洗った。前を走る名前たちの癖が数行に要約された。"
ui.eventBody.gridRumor,"패독에는 소문이 빠르다. 어느 팀이 설정을 바꿨고 누가 예선에서 무리한다더라. 절반은 틀리지만 절반은 맞는다.","Rumors travel fast in the paddock. Some team changed its setup; someone overdrives in qualifying. Half is wrong. Half is right.","パドックではうわさが早い。どのチームが設定を変えた、誰が予選で無理をしている。半分は外れ、半分は当たる。"
ui.eventBody.gridNightscape,"정비를 마친 밤, 텅 빈 그리드에 조명만 남았다. 내일 이 자리에 열여섯 대가 선다. 그중 하나가 13번이다.","Night, work done: an empty grid with only the lights left on. Tomorrow sixteen machines line up here. One of them is No.13.","整備を終えた夜、空のグリッドに照明だけが残った。明日ここに十六台が並ぶ。その一台が13番だ。"
ui.eventBody.fanLetter,"차고 앞으로 손편지가 한 통 왔다. 서툰 글씨로 13번을 응원한다고 적혀 있다. 마르타가 말없이 공구함 위에 올려 둔다.","A handwritten letter came to the garage. In clumsy letters it roots for No.13. Marta sets it on the toolbox without a word.","ガレージに手書きの手紙が一通届いた。拙い字で13番を応援すると書いてある。マルタが黙って工具箱の上に置く。"
ui.eventBody.oldPoster,"창고 정리 중 색 바랜 포스터가 나왔다. 노스윈드의 전성기, 지금은 다른 슈트를 입은 얼굴. 마르타가 말없이 다시 접어 넣는다.","A faded poster turned up in the storeroom. Northwind in its prime, and a face now in another team's suit. Marta folds it away.","倉庫整理で色あせたポスターが出てきた。ノースウィンドの全盛期、今は別のスーツを着た顔。マルタが黙ってまた折りたたむ。"
ui.eventBody.vaneQuestion,"정비 대기 중 베인이 레이스와 무관한 질문을 던졌다. 대답은 필요 없다고 했지만, 파형은 한동안 답을 기다리는 모양이었다.","Waiting on maintenance, VEIN asked something unrelated to racing. No answer needed, it said, yet the waveform seemed to wait.","整備待ちの間にヴェインがレースと無関係な質問を投げた。答えは要らないと言ったが、波形はしばらく答えを待つ形をしていた。"
ui.eventBody.mnNightMarket,"서킷 옆 야시장 노점들이 리버리에 작은 스티커를 붙이는 조건으로 협찬을 제안했다. 네온 아래서 계약이 맺어졌다.","Night-market stalls by the circuit offered sponsorship for small stickers on the livery. The deal was struck under the neon.","サーキット脇の夜市の露店が、リバリーに小さなステッカーを貼る条件で協賛を申し出た。ネオンの下で契約が結ばれた。"
ui.eventBody.mnLocalBroadcast,"개막 특집 로컬 방송이 13번 피트에 카메라를 세웠다. 질문은 마르타가 짧게 받아냈고, 테오는 뒤에서 손만 흔들었다.","The local opening broadcast set a camera at the No.13 pit. Marta fielded the questions briefly; Theo just waved from the back.","開幕特番の地元放送が13番ピットにカメラを据えた。質問はマルタが短く受け、テオは後ろで手を振るだけだった。"
ui.eventBody.mnRepairAlley,"시가지 뒷골목의 정비소들이 개막 기간엔 문을 늦게 닫는다. 값보다 손이 좋은 노인이 섀시 이음새를 봐 주었다.","Back-alley garages downtown close late in opening week. An old man with better hands than prices went over the chassis seams.","街の裏路地の整備屋は開幕期間だけ閉店が遅い。値段より腕のいい老人がシャシーの継ぎ目を見てくれた。"
ui.eventBody.mnNeonFestival,"개막 전야제. 도시가 온통 네온으로 물들고 인파가 서킷 담장 밖까지 넘친다. 시즌이 시작되는 냄새가 난다.","Opening eve. The whole city soaked in neon, the crowd spilling past the circuit fences. It smells like the start of a season.","開幕前夜祭。街全体がネオンに染まり、人波がサーキットの柵の外まであふれる。シーズンが始まる匂いがする。"
ui.eventBody.acWindWarning,"해안 기상대가 다음 대회 구간의 측풍 경보를 냈다. 베인이 직선 구간에서 바람이 머신을 얼마나 밀지 계산을 시작한다.","The coastal station issued a crosswind warning for the next race. VEIN computes how hard the wind will push on the straights.","沿岸気象台が次のレース区間に横風警報を出した。ヴェインが直線で風がマシンをどれだけ押すか計算を始める。"
ui.eventBody.acResortSponsor,"해안 리조트가 하루짜리 노출 계약을 들고 왔다. 로고가 햇빛에 잘 보일 자리를 놓고 마르타와 담당자가 한참 흥정했다.","A seaside resort brought a one-day exposure deal. Marta and their rep haggled long over where the logo catches the sun best.","海辺のリゾートが一日限りの露出契約を持ってきた。ロゴが日差しに映える位置をめぐり、マルタと担当者が長く駆け引きした。"
ui.eventBody.acBeachEncounter,"해변 산책로에서 불카 팀과 마주쳤다. 디아스는 크게 손을 흔들고, 볼코바는 못 본 척하다가 결국 돌아본다.","Ran into the Vulka team on the beach walk. Diaz waves big; Volkova pretends not to see, then turns around after all.","海辺の散歩道でヴルカのチームと出くわした。ディアスは大きく手を振り、ヴォルコワは見ない振りをしてから結局振り返る。"
ui.eventBody.acSaltWash,"바닷바람에 실린 염분은 밤새 금속을 갉는다. 테오가 새벽부터 담수로 섀시를 씻어 내리고 이음새마다 방청제를 발랐다.","Salt on the sea wind eats metal overnight. From dawn Theo rinses the chassis with fresh water and seals each seam against rust.","海風に乗った塩分は一晩で金属をむしばむ。テオが早朝から真水でシャシーを洗い流し、継ぎ目ごとにさび止めを塗った。"
ui.eventBody.arAltitudeCheck,"희박한 공기는 냉각과 출력에 그대로 새겨진다. 베인이 다음 대회 구간의 고도 데이터로 출력 저하 폭을 미리 잡아 두었다.","Thin air writes itself into cooling and power. VEIN took the next race's altitude data and pre-set the expected power loss.","薄い空気は冷却と出力にそのまま刻まれる。ヴェインが次のレース区間の高度データから出力低下の幅を先に見込んでおいた。"
ui.eventBody.arLodgeRest,"고원 산장 주인이 창고와 난로를 내주었다. 얼어붙은 손을 녹이고 나서 테오가 밀린 정비를 하나씩 끝냈다.","The owner of a highland lodge lent the storeroom and a stove. Once his hands thawed, Theo worked through the backlog of repairs.","高原の山荘の主人が倉庫とストーブを貸してくれた。凍えた手を温めてから、テオがたまった整備を一つずつ片付けた。"
ui.eventBody.arOldPass,"구도로로 남은 옛 고갯길. 노스윈드가 잘 나가던 시절 카이가 연습하던 길이라고, 마르타는 그것만 말하고 입을 닫았다.","The old pass, left as a back road. Kai used to practice here when Northwind was flying, Marta said, and said nothing more.","旧道として残る古い峠道。ノースウィンドが好調だった頃、カイが練習していた道だと、マルタはそれだけ言って口を閉じた。"
ui.eventBody.arRescueCheer,"대기 중인 산악 구조대가 피트를 지나쳤다. 무뚝뚝한 얼굴들이 짧게 고개를 끄덕인다. ""굴러 내려오지 마시오."" 그게 응원이었다.","The standby mountain rescue team passed the pit. Blunt faces gave a short nod. ""Don't come rolling down."" That was their cheer.","待機中の山岳救助隊がピットを通り過ぎた。無愛想な顔が短くうなずく。「転がり落ちてくるな」。それが応援だった。"
ui.eventBody.mfSandstormWarning,"사막 기상 통보. 다음 대회 구간에 모래바람이 예고됐다. 베인이 흡기 필터와 노면 마찰 손실을 미리 계산에 넣는다.","Desert weather bulletin: sandstorm ahead for the next race. VEIN folds intake filters and friction loss into the numbers early.","砂漠の気象通報。次のレース区間に砂嵐が予告された。ヴェインが吸気フィルターと路面摩擦の損失を先に計算に入れる。"
ui.eventBody.mfOasisCamp,"레이스 캠프촌의 그늘막 아래, 다른 팀 정비사들과 공구를 나눠 썼다. 열기에 지친 섀시에 필요한 건 결국 시간과 그늘이었다.","Under the camp's shade nets, tools were shared with other crews. A heat-worn chassis needed, in the end, time and shade.","レースキャンプの日除けの下、他チームの整備士と工具を分け合った。熱に疲れたシャシーに必要なのは、結局時間と日陰だった。"
ui.eventBody.mfDocumentary,"사막 횡단 다큐멘터리 팀이 언더독 서사를 원했다. 마르타는 인터뷰를 거절했지만 촬영 협조에는 서명했다. 사례비는 받았다.","A desert documentary crew wanted an underdog story. Marta declined the interview but allowed the filming. The fee was accepted.","砂漠横断ドキュメンタリーの撮影隊がアンダードッグの物語を求めた。マルタは取材を断ったが撮影協力には署名し、謝礼を受け取った。"
ui.eventBody.mfMirageSighting,"지평선 위로 물이 흐르는 것처럼 보였다. 베인은 대기 굴절이라고 관측 결과를 붙였지만, 그 전에 잠시 말이 없었다.","Water seemed to run along the horizon. VEIN added its observation, atmospheric refraction, but first it was silent for a moment.","地平線の上を水が流れているように見えた。ヴェインは大気屈折だと観測結果を付け足したが、その前にしばらく黙っていた。"
ui.eventBody.pdMediaDay,"최종전 미디어 세션. 열여섯 대가 한 줄로 서고 카메라 절반은 1번 앞에 있다. 나머지 중 몇 대가 13번 쪽으로 돌아섰다.","Final-round media session. Sixteen machines in a row, half the cameras in front of No.1. Of the rest, a few turned toward No.13.","最終戦のメディアセッション。十六台が一列に並び、カメラの半分は1番の前にある。残りのうち何台かが13番の方を向いた。"
ui.eventBody.pdLeagueGala,"리그 주최 전야 갈라. 정장 차림의 로렌츠가 잠깐 이쪽을 보았다. 평가라기보다 확인에 가까운 짧은 시선이었다.","The league gala before the final. Lorenz, in formal dress, looked this way for a moment. Less appraisal than confirmation.","リーグ主催の前夜ガラ。正装のローレンツが一瞬こちらを見た。評価というより確認に近い、短い視線だった。"
ui.eventBody.pdCeremonyRehearsal,"시상대 리허설을 관중석 끝에서 지켜봤다. 조명이 세 자리를 차례로 비춘다. 테오가 어느 자리가 제일 잘 보이냐고 묻는다.","The podium rehearsal, watched from the end of the stands. Lights sweep the three steps in turn. Theo asks which spot shows best.","表彰台のリハーサルを観客席の端から見ていた。照明が三つの位置を順に照らす。テオがどの位置が一番目立つかと尋ねる。"
ui.eventBody.pdPitWalk,"돔 상설 피트에는 리그가 붙인 전담 정비 인원이 있다. 규정 점검이라며 섀시를 훑고 간 자리가 아까보다 단정하다.","The Dome's permanent pits come with league technicians. Where they combed the chassis for a ""regulation check,"" it looks tidier.","ドーム常設ピットにはリーグが付けた専属整備員がいる。規定点検だと言ってシャシーを見て回った跡が、さっきより整っている。"
ui.facility.g1,텔레메트리 아카이브,Telemetry Archive,テレメトリーアーカイブ
ui.facility.g2,크루 라운지,Crew Lounge,クルーラウンジ
ui.facility.g3,세컨드 워크벤치,Second Workbench,セカンドワークベンチ
ui.facility.g4,스폰서 부스,Sponsor Booth,スポンサーブース
ui.tuning.t1,파워트레인,Powertrain,パワートレイン
ui.tuning.t2,브레이크,Brakes,ブレーキ
ui.tuning.t3,라인 컨트롤,Line Control,ラインコントロール
ui.tuning.t4,섀시 보강,Chassis Reinforcement,シャシー補強
ui.tuning.t5,펄스 드라이브 정밀화,Pulse Drive Refinement,パルスドライブ精密化
ui.tuning.t6,임팩트 스트럭처,Impact Structure,インパクトストラクチャー
ui.overhaul.ovT1,노스윈드 인테이크,Northwind Intake,ノースウィンドインテーク
ui.overhaul.ovT2,리버스 텔레메트리,Reverse Telemetry,リバーステレメトリー
ui.overhaul.ovT3,콜드 스타트,Cold Start,コールドスタート
ui.overhaul.ovT4,라스트 랩 서지,Last Lap Surge,ラストラップサージ
ui.overhaul.ovS1,경량 모노코크,Lightweight Monocoque,軽量モノコック
ui.overhaul.ovS2,강화 임팩트 링,Reinforced Impact Ring,強化インパクトリング
ui.overhaul.ovS3,하이 레이크 셋업,High Rake Setup,ハイレーキセットアップ
ui.overhaul.ovS4,롱런 패키지,Long Run Package,ロングランパッケージ
ui.overhaul.ovP1,프론트 윙 Mk-II,Front Wing Mk-II,フロントウイング Mk-II
ui.overhaul.ovP2,리어 디퓨저 Mk-II,Rear Diffuser Mk-II,リアディフューザー Mk-II
ui.overhaul.ovP3,펄스 코일 확장,Pulse Coil Expansion,パルスコイル拡張
ui.overhaul.ovP4,리인포스드 셀,Reinforced Cell,リインフォースドセル
ui.skill.sh1,프리시전 홀드,Precision Hold,プレシジョンホールド
ui.skill.sh2,풀 스윕,Full Sweep,フルスイープ
ui.skill.sh3,스냅샷,Snapshot,スナップショット
ui.skill.sh4,웜업 스핀,Warm-up Spin,ウォームアップスピン
ui.skill.sc1,노이즈 필터,Noise Filter,ノイズフィルター
ui.skill.sc2,리커버리 라우팅,Recovery Routing,リカバリールーティング
ui.skill.sc3,슬립스트림 링크,Slipstream Link,スリップストリームリンク
ui.skill.sc4,라인 트레이스,Line Trace,ライントレース
ui.skill.sa1,풀 스로틀,Full Throttle,フルスロットル
ui.skill.sa2,펄스 리커버,Pulse Recover,パルスリカバー
ui.skill.sa3,하드 브레이킹,Hard Braking,ハードブレーキング
ui.skill.sa4,오버토크,Overtorque,オーバートルク
ui.skill.si1,임팩트 가드,Impact Guard,インパクトガード
ui.skill.si2,섀시 실드,Chassis Shield,シャシーシールド
ui.skill.si3,카운터 스티어,Counter Steer,カウンターステア
ui.skill.si4,서바이벌 셀,Survival Cell,サバイバルセル
ui.crew.marta,마르타 이베르센,Marta Iversen,マルタ・イーヴェルセン
ui.crew.theo,테오 콜리어,Theo Collier,テオ・コリアー
ui.crew.nadia,나디아 리스,Nadia Reese,ナディア・リース
ui.crew.oscar,오스카 브란트,Oskar Brandt,オスカル・ブラント
ui.crew.sasha,사샤 린드,Sasha Lind,サーシャ・リンド
ui.sponsor.sp1,안정 계약,Stability Contract,安定契約
ui.sponsor.sp2,공세 계약,Offensive Contract,攻勢契約
ui.sponsor.sp3,대결 계약,Showdown Contract,対決契約
ui.sponsor.sp4,명성 계약,Prestige Contract,名声契約
ui.relation.kinship,동기,Peer,同期
ui.relation.succession,계승,Succession,継承
ui.relation.throne,왕좌,Throne,王座
ui.relation.reunion,재회,Reunion,再会
ui.relation.successionMaro,계승 — 셀린,Succession — Celine,継承 — セリーヌ
ui.relationStage.kinship0,동행,Companions,同行
ui.relationStage.kinship1,병주,Side by Side,並走
ui.relationStage.kinship2,경쟁,Rivalry,競争
ui.relationStage.kinship3,호적수,Worthy Rival,好敵手
ui.relationStage.succession0,무시,Dismissal,無視
ui.relationStage.succession1,동요,Unsettled,動揺
ui.relationStage.succession2,경계,Wary,警戒
ui.relationStage.succession3,인정,Recognition,認定
ui.relationStage.throne0,노이즈,Noise,ノイズ
ui.relationStage.throne1,변수,Variable,変数
ui.relationStage.throne2,위협,Threat,脅威
ui.relationStage.throne3,대등,On Equal Terms,対等
ui.relationStage.successionMaro0,견제,Holding in Check,けん制
ui.relationStage.successionMaro1,동요,Unsettled,動揺
ui.relationStage.successionMaro2,주시,Watching Closely,注視
ui.relationStage.successionMaro3,집착,Fixation,執着
ui.relationStage.reunion0,회피,Avoidance,回避
ui.relationStage.reunion1,대면,Face to Face,対面
ui.relationStage.reunion2,응어리,Old Wounds,わだかまり
ui.relationStage.reunion3,화해,Reconciliation,和解
ui.consumable.p1,리페어 키트,Repair Kit,リペアキット
ui.consumable.p2,이머전시 실런트,Emergency Sealant,エマージェンシーシーラント
ui.consumable.p3,쿨런트 차지,Coolant Charge,クーラントチャージ
vane.brief.sector02,섹터 {sector}. 변수 정리했습니다.,Sector {sector}. Variables sorted.,セクター{sector}。変数を整理しました。
vane.brief.sector03,섹터 {sector}. 준비됐습니다.,Sector {sector}. We are ready.,セクター{sector}。準備できました。
vane.brief.duel02,결판 국면입니다. 갑니다.,Decisive phase. Going in.,決着局面です。行きます。
vane.brief.duel03,결판. 제가 맞추겠습니다.,The decision. I will line it up.,決着です。私が合わせます。
vane.brief.resonance01,방금 출력은… 제 제어가 아닙니다.,That output just now… not from my control.,今の出力は…私の制御ではありません。
vane.brief.resonance02,또 그 출력입니다. 원인 미상.,That output again. Cause unknown.,またあの出力です。原因不明。
vane.brief.resonance03,"그 출력, 이제 읽힙니다.",That output — I can read it now.,あの出力、今は読めます。
vane.brief.skillUse01,등록 루틴 적용. 변수 갱신.,Routine applied. Variables updated.,登録ルーチン適用。変数を更新。
ui.vnSlot.seasonOpen,시즌 개막,Season Opening,シーズン開幕
ui.vnSlot.seasonClose,시즌 결산,Season Closing,シーズン決算
ui.vnSlot.tourBrief,투어 브리핑,Tour Briefing,ツアーブリーフィング
ui.vnSlot.tourMilestone,투어 종료 회상,End-of-Tour Recall,ツアー終了の回想
ui.vnSlot.act1,1막 그리드의 노이즈,Act 1: Noise on the Grid,第1幕グリッドのノイズ
ui.vnSlot.act2,2막 북풍,Act 2: North Wind,第2幕北風
ui.vnSlot.act3,3막 브레이킹 포인트,Act 3: Breaking Point,第3幕ブレイキングポイント
ui.vnSlot.act4,4막 휠투휠,Act 4: Wheel to Wheel,第4幕ホイールトゥホイール
ui.vnSlot.origin,기원 공개,Origin Revealed,起源の開示
ui.vnSlot.epilogue,에필로그,Epilogue,エピローグ
ui.vnTitle.crewNadia,나디아 합류,Nadia Joins,ナディア加入
ui.vnTitle.crewOscar,오스카 합류,Oskar Joins,オスカル加入
ui.vnTitle.crewSasha,사샤 복귀,Sasha Returns,サーシャ復帰
ui.vnTitle.clueLocked,잠긴 영역,The Locked Area,施錠領域
ui.vnTitle.clueSilence,사샤의 침묵,Sasha's Silence,サーシャの沈黙
ui.vnTitle.featFinish,첫 완주,First Finish,初完走
ui.vnTitle.featPoint,첫 포인트,First Point,初ポイント
ui.vnTitle.featTourWin,첫 투어 우승,First Tour Win,初ツアー優勝
ui.milestoneVn.actTransition,막 전이,Act Transition,幕の転換
ui.milestoneVn.crewJoin,크루 합류,Crew Joins,クルー加入
ui.milestoneVn.originClue,기원 단서,Origin Clue,起源の手がかり
ui.milestoneVn.generalFeat,성취 회상,Achievement Recall,達成の回想
ui.race.positionFormat,P{rank}/{total},P{rank}/{total},P{rank}/{total}
ui.race.lapSectorFormat,LAP {lap}/{laps} · S{sector}/{sectors},LAP {lap}/{laps} · S{sector}/{sectors},LAP {lap}/{laps} · S{sector}/{sectors}
ui.race.gaugeFront,전방,Front,前方
ui.race.gaugeRear,후방,Rear,後方
ui.race.respin,리스핀,Re-spin,リスピン
ui.race.chargeIntervene,차지 개입,Step In,介入
ui.race.confirm,확정,Confirm,確定
ui.race.spin,스핀,Spin,スピン
ui.race.skillSlotFormat,S{index},S{index},S{index}
ui.race.skillUsesFormat,{remaining}/{limit},{remaining}/{limit},{remaining}/{limit}
ui.race.costFormat,◆{cost},◆{cost},◆{cost}
ui.race.chassisLabel,섀시,Chassis,シャシー
ui.race.chassisFormat,{value},{value},{value}
ui.race.chargeLabel,차지,Charge,チャージ
ui.race.chargeFormat,{value}/{cap},{value}/{cap},{value}/{cap}
ui.race.consumableEmpty,―,―,―
ui.race.consumableFilled,▣,▣,▣
ui.race.menu,≡,≡,≡
ui.race.timerFormat,{value},{value},{value}
ui.race.resonanceBanner,레조넌스,Resonance,レゾナンス
ui.race.locked,잠금,―,ロック
ui.race.snapshotKeepNew,새 후보,New candidate,新しい候補
ui.race.snapshotKeepOld,이전 후보,Previous candidate,前の候補
ui.race.skillRejectedCharge,차지 부족,Not enough charge,チャージ不足
ui.race.skillRejectedUses,이번 투어 사용 완료,No uses left this tour,今ツアーの使用回数なし
ui.race.skillRejectedHoldCap,이번 턴 홀드 한도,Hold limit reached,今ターンのホールド上限
ui.race.skillRejectedLimitHold,홀드는 턴당 1회,One hold per turn,ホールドはターンにつき1回
ui.race.skillRejectedLimitBoost,이번 턴 부스트 한도,Boost limit reached,今ターンのブースト上限
ui.race.skillRejectedAlreadyHold,이미 홀드를 썼다,Hold already used,ホールドを使用済み
ui.race.skillRejectedAlreadyMod,이미 적용된 수식,Already applied,既に適用済み
ui.race.skillRejectedDuelTurn,섹터 턴 전용,Sector turns only,セクターターン専用
ui.race.skillRejectedSectorTurn,듀얼 턴 전용,Duel turns only,デュエルターン専用
ui.race.speakerRelay,중계,Relay,実況
ui.race.actionWithCost,{label} {cost},{label} {cost},{label} {cost}
ui.race.actionWithUses,{label} {cost} {left},{label} {cost} {left},{label} {cost} {left}
ui.race.holdKeyFormat,홀드 {index},Hold {index},ホールド{index}
ui.race.hintHold,릴 홀드 토글 — 키 1·2·3 | 패드 X 홀드+십자키→A,Toggle reel hold — keys 1·2·3 | pad: hold X + D-pad → A,リールホールド — キー1・2・3 | パッドX長押し+十字キー→A
ui.race.hintRespin,단축키 R | 패드 X,Shortcut R | pad X,ショートカットR | パッドX
ui.race.hintCharge,단축키 C | 패드 Y,Shortcut C | pad Y,ショートカットC | パッドY
ui.race.skillHintFormat,{body} — F{index} | 패드 RB 조합,{body} — F{index} | pad RB combo,{body} — F{index} | パッドRBコンボ
ui.title.gameTitle,FORMULA PULSE,FORMULA PULSE,FORMULA PULSE
ui.title.subtitle,SPIN THE GRID,SPIN THE GRID,SPIN THE GRID
ui.title.continueRun,계속하기,Continue,つづきから
ui.title.newCareer,새 커리어,New Career,新規キャリア
ui.title.archive,기록실,Records Room,記録室
ui.title.options,옵션,Options,オプション
ui.title.quit,종료,Quit,終了
ui.title.versionFormat,v{version},v{version},v{version}
ui.save.header,커리어 선택,Select Career,キャリア選択
ui.save.back,뒤로,Back,戻る
ui.save.slotFormat,슬롯 {index},Slot {index},スロット {index}
ui.save.empty,빈 슬롯,Empty Slot,空きスロット
ui.save.progressFormat,시즌 {season} · 투어 {tour} · 제{race}전,Season {season} · Tour {tour} · Race {race},シーズン{season} · ツアー{tour} · 第{race}戦
ui.save.hintNew,새 커리어를 시작할 슬롯을 고르세요.,Choose a slot to start a new career.,新しいキャリアを始めるスロットを選んでください。
ui.save.hintContinue,이어할 커리어를 고르세요.,Choose a career to continue.,続けるキャリアを選んでください。
ui.save.cardBodyFormat,"{progress}
{detail}","{progress}
{detail}","{progress}
{detail}"
ui.save.detailFormat,{credits} Cr · 저장 {saved},{credits} Cr · saved {saved},{credits} Cr・保存 {saved}
ui.save.savedAtFormat,{month}/{day} {hour}:{minute},{month}/{day} {hour}:{minute},{month}/{day} {hour}:{minute}
ui.save.delete,삭제,Delete,削除
ui.save.deleteConfirm,한 번 더 누르면 삭제됩니다,Press again to delete,もう一度押すと削除します
ui.gpResult.header,그랑프리 결산,Grand Prix Results,グランプリ決算
ui.gpResult.finalRank,최종 순위,Final Position,最終順位
ui.gpResult.tourPoints,투어 포인트,Tour Points,ツアーポイント
ui.gpResult.prize,상금,Prize,賞金
ui.gpResult.finishBonus,완주 보너스,Finish Bonus,完走ボーナス
ui.gpResult.carryOver,이월,Carry Over,繰り越し
ui.gpResult.rankFormat,P{rank},P{rank},P{rank}
ui.gpResult.retired,리타이어 — 투어 탈락,Retired — out of the tour,リタイア — ツアー脱落
ui.gpResult.pointsFormat,+{points},+{points},+{points}
ui.gpResult.creditFormat,{amount} Cr,{amount} Cr,{amount} Cr
ui.gpResult.carryFormat,섀시 {chassis} · 차지 {charge},Chassis {chassis} · Charge {charge},シャシー{chassis} · チャージ{charge}
ui.gpResult.next,다음으로,Next,次へ
ui.gpResult.toTourReport,투어 결산으로,To Tour Results,ツアー決算へ
ui.gpResult.saved,저장됨,Saved,保存しました
ui.gpResult.gridDelta,순위 변동,Position Change,順位変動
ui.gpResult.gridDeltaFormat,P{start} → P{finish},P{start} → P{finish},P{start} → P{finish}
ui.gpResult.duelRecord,듀얼 전적,Duel Record,デュエル戦績
ui.gpResult.duelRecordFormat,{count}전 {wins}승 {losses}패,{count} duels — {wins}W {losses}L,{count}戦{wins}勝{losses}敗
ui.gpResult.duelRecordNone,없음,None,なし
ui.gpResult.troubleTurns,트러블,Troubles,トラブル
ui.gpResult.troubleTurnsFormat,{count}턴,{count} turns,{count}ターン
ui.gpResult.standingsHeader,최종 순위표,Final Standings,最終順位表
ui.gpResult.standingRowFormat,P{rank} {name},P{rank} {name},P{rank} {name}
ui.gpResult.standingRetired,P{rank} {name} — 리타이어,P{rank} {name} — DNF,P{rank} {name} — リタイア
ui.recap.header,간이 정산,Quick Settlement,簡易精算
ui.recap.summaryFormat,직전 P{rank} · 투어 포인트 +{points},Last race P{rank} · Tour Points +{points},直前 P{rank} · ツアーポイント +{points}
ui.recap.creditsFormat,{amount} Cr,{amount} Cr,{amount} Cr
ui.recap.fieldRepair,필드 정비,Field Service,フィールドサービス
ui.recap.consumableHeaderFormat,소모품 보충 {held}/{cap},Consumables {held}/{cap},消耗品の補充 {held}/{cap}
ui.recap.consumableBuyFormat,{item} {amount} Cr,{item} {amount} Cr,{item} {amount} Cr
ui.recap.consumableBuyOwnedFormat,{item} {amount} Cr · 보유 {held},{item} {amount} Cr · owned {held},{item} {amount} Cr・所持{held}
ui.recap.deckHeaderFormat,덱 교체 {used}/{slots},Deck Change {used}/{slots},デッキ変更 {used}/{slots}
ui.recap.deckEntryFormat,{mark} {skill},{mark} {skill},{mark} {skill}
ui.recap.deckEquipped,●,●,●
ui.recap.deckUnequipped,○,○,○
ui.recap.deckNoSkill,해금된 스킬 없음,No skills unlocked,解放済みスキルなし
ui.recap.next,다음 대회로,To Next Grand Prix,次のグランプリへ
ui.recap.repairCostFormat,이번 {now} Cr → 다음 {next} Cr,Now {now} Cr → Next {next} Cr,今回 {now} Cr → 次回 {next} Cr
ui.recap.chassisFormat,섀시 {now}% → {after}%,Chassis {now}% → {after}%,シャシー {now}% → {after}%
ui.recap.chassisNowFormat,섀시 {now}%,Chassis {now}%,シャシー {now}%
ui.tourReport.header,투어 결산,Tour Results,ツアー決算
ui.tourReport.block1,투어 종합 순위,Tour Standing,ツアー総合順位
ui.tourReport.block2,챔피언십 포인트,Championship Points,チャンピオンシップポイント
ui.tourReport.block3,수입,Income,収入
ui.tourReport.block4,펄스 차지 환전,Pulse Charge Exchange,パルスチャージ換金
ui.tourReport.block5,차지 소멸,Charge Expiry,チャージ消滅
ui.tourReport.block6,주행 데이터,Drive Data,走行データ
ui.tourReport.rankFormat,P{rank},P{rank},P{rank}
ui.tourReport.pointsFormat,{points},{points},{points}
ui.tourReport.creditFormat,{amount} Cr,{amount} Cr,{amount} Cr
ui.tourReport.dataFormat,{amount} DP,{amount} DP,{amount} DP
ui.tourReport.dropoutNote,탈락 — 완주 보너스 미지급 · 순위 보상 축소,Out — no finish bonus · reduced position reward,脱落 — 完走ボーナスなし · 順位報酬は縮小
ui.tourReport.chargeExpired,잔여 차지는 투어 경계에서 소멸합니다.,Remaining charge expires at the tour boundary.,残りのチャージはツアー境界で消滅します。
ui.tourReport.toGarage,개러지로,To Garage,ガレージへ
ui.tourReport.subheaderFormat,시즌 {season} · 투어 {tour},Season {season} · Tour {tour},シーズン{season} · ツアー{tour}
ui.tourReport.dropout,탈락,Out,脱落
ui.tourReport.saved,저장됨,Saved,保存済み
ui.tourReport.standingsHeader,투어 순위표,Tour Standings,ツアー順位表
ui.tourReport.standingRowFormat,P{rank} {name} — {points},P{rank} {name} — {points},P{rank} {name} — {points}
ui.save.cardFormat,"{label}
{body}","{label}
{body}","{label}
{body}"
ui.confirm.irreversible,이 행동은 되돌릴 수 없습니다.,This action cannot be undone.,この操作は取り消せません。
ui.confirm.ok,확인,OK,確認
ui.confirm.cancel,취소,Cancel,キャンセル
ui.hub.garageTitle,개러지,Garage,ガレージ
ui.hub.amountFormat,{amount},{amount},{amount}
ui.hub.progressFormat,시즌 {season} · 투어 {tour} · 제{race}전,Season {season} · Tour {tour} · Race {race},シーズン{season} · ツアー{tour} · 第{race}戦
ui.hub.back,개러지로,To Garage,ガレージへ
ui.hub.depart,다음 투어 출발,Depart for Next Tour,次のツアーへ出発
ui.hub.lockedByCrew," — {crew} 합류 시"," — on {crew} joining"," — {crew}加入時"
ui.hub.stRepair,정비 베이,Service Bay,整備ベイ
ui.hub.stTuning,튜닝 벤치,Tuning Bench,チューニングベンチ
ui.hub.stStrategy,전략실,Strategy Room,戦略室
ui.hub.stRecords,기록실,Records Room,記録室
ui.hub.stSponsor,스폰서 데스크,Sponsor Desk,スポンサーデスク
ui.hub.stFacility,시설 확장,Facility Expansion,施設拡張
ui.hub.stOverhaul,시즌 오버홀,Season Overhaul,シーズンオーバーホール
ui.hub.stRecruit,크루 영입,Crew Recruitment,クルー登用
ui.repairBay.title,정비 베이,Service Bay,整備ベイ
ui.repairBay.fullRepair,전면 정비,Full Service,フルサービス
ui.repairBay.perChFormat,섀시 1당 {amount} Cr,{amount} Cr per chassis point,シャシー1あたり {amount} Cr
ui.repairBay.freeLineNote,투어 개시 시 {line}까지 무상 복원됩니다.,Restored free up to {line} at tour start.,ツアー開始時に {line} まで無償で回復します。
ui.repairBay.run,실행,Run,実行
ui.repairBay.totalCostFormat,총비용 {amount} Cr,Total {amount} Cr,総費用 {amount} Cr
ui.repairBay.chassisFormat,섀시 {now}% → {after}%,Chassis {now}% → {after}%,シャシー {now}% → {after}%
ui.repairBay.chassisNowFormat,섀시 {now}%,Chassis {now}%,シャシー {now}%
ui.tuningBench.title,튜닝 벤치,Tuning Bench,チューニングベンチ
ui.tuningBench.buy,강화,Upgrade,強化
ui.tuningBench.maxed,최대 단계,Max Level,最大段階
ui.tuningBench.stepFilled,●,●,●
ui.tuningBench.stepEmpty,○,○,○
ui.tuningBench.costFormat,{amount} DP,{amount} DP,{amount} DP
ui.tuningBench.redistribute,재배분,Redistribute,再配分
ui.strategy.title,전략실,Strategy Room,戦略室
ui.strategy.tierFormat,스킬 티어 {tier},Skill Tier {tier},スキルティア {tier}
ui.strategy.tierLockedFormat,스킬 티어 {tier} — 개방: {condition},Skill Tier {tier} — opens: {condition},スキルティア {tier} — 開放: {condition}
ui.strategy.openFirstPodium,첫 포디움,First Podium,初ポディウム
ui.strategy.openFirstGpWin,첫 그랑프리 우승,First Grand Prix Win,初グランプリ優勝
ui.strategy.equip,장착,Equip,装備
ui.strategy.unequip,해제,Unequip,解除
ui.strategy.unlockFormat,해금 {amount} DP,Unlock {amount} DP,解放 {amount} DP
ui.strategy.unlockConfirm,{skill} 스킬을 해금합니다.,Unlock the skill {skill}.,{skill} スキルを解放します。
ui.strategy.deckHeaderFormat,덱 {used}/{slots},Deck {used}/{slots},デッキ {used}/{slots}
ui.strategy.expandFormat,슬롯 확장 {amount} DP,Expand Slot {amount} DP,スロット拡張 {amount} DP
ui.records.title,기록실,Records Room,記録室
ui.records.tabRivals,라이벌 파일,Rival Files,ライバルファイル
ui.records.tabCareer,통산 기록,Career Records,通算記録
ui.records.tabArchive,아카이브,Archive,アーカイブ
ui.records.dpTotalFormat,생애 누적 {amount} DP,Lifetime {amount} DP,生涯累計 {amount} DP
ui.records.archiveEmpty,기록된 이벤트가 아직 없습니다.,No events recorded yet.,記録されたイベントはまだありません。
ui.sponsorDesk.title,스폰서 데스크,Sponsor Desk,スポンサーデスク
ui.sponsorDesk.slotFormat,계약 {used}/{slots},Contracts {used}/{slots},契約 {used}/{slots}
ui.sponsorDesk.incomeFormat,정기 {regular} Cr · 보너스 {bonus} Cr,Regular {regular} Cr · Bonus {bonus} Cr,定期 {regular} Cr · ボーナス {bonus} Cr
ui.sponsorDesk.sign,체결,Sign,締結
ui.sponsorDesk.signed,계약 중,Under Contract,契約中
ui.sponsorDesk.signConfirm,{sponsor} 계약을 체결합니다.,Sign the {sponsor} contract.,{sponsor} 契約を締結します。
ui.facilityPanel.title,시설 확장,Facility Expansion,施設拡張
ui.facilityPanel.buy,구매,Purchase,購入
ui.facilityPanel.owned,보유,Owned,保有
ui.facilityPanel.buyConfirm,{facility} 시설을 확장합니다.,Expand the {facility} facility.,{facility} 施設を拡張します。
ui.overhaulScreen.title,시즌 오버홀,Season Overhaul,シーズンオーバーホール
ui.overhaulScreen.gradeFormat,시즌 P{rank} — 슬롯 {slots} · 후보 {candidates},Season P{rank} — Slots {slots} · Candidates {candidates},シーズン P{rank} — スロット {slots} · 候補 {candidates}
ui.overhaulScreen.confirm,오버홀 확정,Confirm Overhaul,オーバーホール確定
ui.overhaulScreen.installConfirm,{overhaul} 오버홀을 확정합니다.,Confirm the {overhaul} overhaul.,{overhaul} オーバーホールを確定します。
ui.overhaulScreen.passThrough,오버홀 없이 진행,Continue Without Overhaul,オーバーホールなしで進む
ui.overhaulScreen.noCandidates,장착할 수 있는 후보가 없습니다.,No candidates available to install.,装着できる候補がありません。
ui.hub.stationLockedFormat,{station} — {crew} 합류 시,{station} — on {crew} joining,{station} — {crew}加入時
ui.records.relationFormat,{axis} · {stage},{axis} · {stage},{axis} · {stage}
ui.duel.playerFormat,No.{number},No.{number},No.{number}
ui.duel.namedFormat,No.{number} {name},No.{number} {name},No.{number} {name}
ui.duel.overtake,추월 듀얼,Overtake Duel,追い抜きデュエル
ui.duel.defense,방어 듀얼,Defense Duel,防御デュエル
ui.duel.boost,부스트 투입,Commit Boost,ブースト投入
ui.duel.boostFilled,◆,◆,◆
ui.duel.boostEmpty,◇,◇,◇
ui.seasonResult.headerFormat,시즌 {season} 결산,Season {season} Results,シーズン{season} 決算
ui.seasonResult.rowFormat,P{rank} {name} — {points},P{rank} {name} — {points},P{rank} {name} — {points}
ui.seasonResult.summaryFormat,챔피언십 P{rank} · {points}점,Championship P{rank} · {points} pts,チャンピオンシップ P{rank} · {points}点
ui.seasonResult.champion,시즌 챔피언,Season Champion,シーズンチャンピオン
ui.seasonResult.epilogue,2연속 챔피언 — 에필로그 개방,Back-to-back champion — epilogue unlocked,2連続チャンピオン — エピローグ開放
ui.seasonResult.carryOn,시즌 마감 — 다음 시즌으로 이어집니다.,Season closed — carrying on to the next season.,シーズン終了 — 次のシーズンへ続きます。
ui.seasonResult.toOverhaul,시즌 오버홀로,To Season Overhaul,シーズンオーバーホールへ
ui.eventNode.proceed,계속,Continue,続ける
ui.eventNode.rewardFormat,+{amount},+{amount},+{amount}
ui.eventNode.rewardChassisFormat,섀시 +{amount},Chassis +{amount},シャシー +{amount}
ui.eventNode.rare,희귀,Rare,レア
ui.vn.skip,스킵 ▶▶,Skip ▶▶,スキップ ▶▶
ui.vn.speakerVane,베인,VEIN,ヴェイン
ui.vn.speakerMarta,마르타,Marta,マルタ
ui.vn.speakerTheo,테오,Theo,テオ
ui.vn.speakerSasha,사샤,Sasha,サーシャ
ui.vn.speakerOscar,오스카,Oskar,オスカル
ui.vn.speakerNadia,나디아,Nadia,ナディア
ui.vn.speakerLorentz,로렌츠,Lorenz,ローレンツ
ui.vn.speakerMaro,마로,Marceau,マルソー
ui.vn.speakerNarration,,,
ui.vn.placeholderLine01,…통신 채널 연결. 브리핑을 시작한다.,…Channel open. The briefing begins.,…通信チャネル接続。ブリーフィングを始める。
ui.vn.calendarTitle,리그 공식 발표 — 시즌 캘린더,League Announcement — Season Calendar,リーグ公式発表 — シーズンカレンダー
ui.vn.calendarRowFormat,투어 {tour} — {stage},Tour {tour} — {stage},ツアー{tour} — {stage}
ui.vn.calendarAnchorFormat,투어 {tour} — {stage} ★,Tour {tour} — {stage} ★,ツアー{tour} — {stage} ★
ui.records.replay,재생,Replay,再生
ui.records.statGps,출전 그랑프리,Grands Prix Entered,出走グランプリ
ui.records.statFinishes,완주,Finishes,完走
ui.records.statWins,우승,Wins,優勝
ui.records.statPodiums,포디움,Podiums,表彰台
ui.records.statDuels,듀얼 전적,Duel Record,デュエル戦績
ui.records.statTourWins,투어 종합 우승,Tour Titles,ツアー総合優勝
ui.records.statSeasons,완료 시즌,Seasons Completed,完了シーズン
ui.records.statBestRank,최고 챔피언십 순위,Best Championship Rank,最高選手権順位
ui.records.statCircuits,제패 서킷,Circuits Conquered,制覇サーキット
ui.records.statCountFormat,{value},{value},{value}
ui.records.duelRecordFormat,{wins}승 / {total}전,{wins}W / {total} duels,{wins}勝 / {total}戦
ui.records.bestRankFormat,P{rank},P{rank},P{rank}
ui.records.statNone,—,—,—
ui.options.header,옵션,Options,オプション
ui.options.tabGameplay,게임플레이,Gameplay,ゲームプレイ
ui.options.tabAccessibility,연출·접근성,Presentation & Access,演出・アクセシビリティ
ui.options.tabAudioVideo,화면·사운드,Display & Sound,画面・サウンド
ui.options.tabControls,조작,Controls,操作
ui.options.tabLanguage,언어,Language,言語
ui.options.o1,화면 셰이크,Screen Shake,画面シェイク
ui.options.o2,플래시,Flash,フラッシュ
ui.options.o3,패드 진동,Pad Vibration,パッド振動
ui.options.o4,릴 정지 속도,Reel Stop Speed,リール停止速度
ui.options.o5,개입 창 타이머,Intervention Window Timer,介入ウィンドウのタイマー
ui.options.o5Notice,시간 제한이 없어지며 빠른 결정 보너스는 발생하지 않게 됩니다.,The time limit is removed and the quick-decision bonus no longer occurs.,制限時間がなくなり、迅速な判断ボーナスは発生しなくなります。
ui.options.o6,타이머 수치 표시,Show Timer Value,タイマー数値の表示
ui.options.o7,텍스트 크기,Text Size,文字サイズ
ui.options.o8,UI 스케일,UI Scale,UIスケール
ui.options.o9,색각 대응,Color Vision Support,色覚サポート
ui.options.o10,VN 자동 진행 속도,VN Auto-Advance Speed,VN自動進行の速度
ui.options.o11,언어,Language,言語
ui.options.o12,씬 패널 모션,Scene Panel Motion,シーンパネルのモーション
ui.options.o13,마스터 볼륨,Master Volume,マスター音量
ui.options.o14,BGM 볼륨,BGM Volume,BGM音量
ui.options.o15,SFX 볼륨,SFX Volume,SFX音量
ui.options.stepStandard,표준,Standard,標準
ui.options.stepReduced,감소,Reduced,軽減
ui.options.stepOff,끔,Off,オフ
ui.options.stepOn,켬,On,オン
ui.options.stepFast,고속,Fast,高速
ui.options.stepInstant,일괄 정지,Instant Stop,一括停止
ui.options.stepTimerBase,기본,Default,標準
ui.options.stepTimer15,×1.5,×1.5,×1.5
ui.options.stepTimer20,×2,×2,×2
ui.options.stepTimerOff,비활성,Disabled,無効
ui.options.stepScale100,100%,100%,100%
ui.options.stepScale110,110%,110%,110%
ui.options.stepScale115,115%,115%,115%
ui.options.stepScale125,125%,125%,125%
ui.options.stepScale130,130%,130%,130%
ui.options.stepPaletteBase,기본,Default,標準
ui.options.stepPaletteAlt,대체 팔레트,Alternate Palette,代替パレット
ui.options.stepSlow,느림,Slow,遅い
ui.options.stepNormal,보통,Normal,普通
ui.options.stepFastText,빠름,Fast,速い
ui.options.stepKorean,한국어,한국어,한국어
ui.options.stepEnglish,English,English,English
ui.options.stepJapanese,日本語,日本語,日本語
ui.options.volumeFormat,{value},{value},{value}
ui.options.stepPrev,◀,◀,◀
ui.options.stepNext,▶,▶,▶
ui.options.resetDefaults,기본값 복원,Restore Defaults,初期値に戻す
ui.options.close,닫기,Close,閉じる
ui.options.controlsNote,조작 리매핑은 주요 키 한정으로 제공 예정입니다.,Remapping will be offered for primary keys only.,操作のリマップは主要キーに限り提供予定です。
ui.controls.rowConfirm,확인·진행,Confirm / Advance,決定・進行
ui.controls.valConfirm,Enter · Space | 패드 A,Enter · Space | Pad A,Enter・Space | パッドA
ui.controls.rowCancel,취소·닫기,Cancel / Close,キャンセル・閉じる
ui.controls.valCancel,Esc | 패드 B,Esc | Pad B,Esc | パッドB
ui.controls.rowPause,일시정지,Pause,ポーズ
ui.controls.valPause,Esc | 패드 스타트,Esc | Pad Start,Esc | パッドスタート
ui.controls.rowTabs,탭 전환,Switch Tabs,タブ切替
ui.controls.valTabs,Q · E | LB · RB,Q · E | LB · RB,Q・E | LB・RB
ui.controls.rowDetail,상세 정보,Details,詳細情報
ui.controls.valDetail,T | LB 홀드 + Y,T | hold LB + Y,T | LB長押し+Y
ui.controls.rowHold,릴 홀드 토글,Toggle Reel Hold,リールホールド
ui.controls.valHold,1 · 2 · 3 | X 홀드 + 십자키 → A,1 · 2 · 3 | hold X + D-pad → A,1・2・3 | X長押し+十字キー→A
ui.controls.rowRespin,리스핀,Re-spin,リスピン
ui.controls.valRespin,R | X 짧게,R | tap X,R | X短押し
ui.controls.rowCharge,차지 개입,Step In,介入
ui.controls.valCharge,C | Y,C | Y,C | Y
ui.controls.rowSkills,스킬 슬롯 1~5,Skill Slots 1–5,スキルスロット1~5
ui.controls.valSkills,F1~F5 | RB 홀드 + 십자키 → A,F1–F5 | hold RB + D-pad → A,F1~F5 | RB長押し+十字キー→A
ui.controls.rowFocus,포커스 이동,Move Focus,フォーカス移動
ui.controls.valFocus,방향키 | 십자키·좌스틱,Arrow keys | D-pad / Left stick,方向キー | 十字キー・左スティック
ui.controls.rowConsumable,소모품 슬롯 1~2,Consumable Slots 1–2,消耗品スロット1~2
ui.controls.valConsumable,4 · 5 | LB 홀드 + 십자키 → A,4 · 5 | hold LB + D-pad → A,4・5 | LB長押し+十字キー→A
ui.pause.resume,재개,Resume,再開
ui.pause.options,옵션,Options,オプション
ui.pause.achievements,업적,Achievements,実績
ui.pause.toTitle,타이틀로,To Title,タイトルへ
ui.pause.saveNotice,진행은 최근 저장 지점 기준입니다.,Progress is based on the last save point.,進行は直近のセーブ地点が基準です。
ui.pause.countFormat,{count},{count},{count}
ui.tip.currencyTitle,재화 안내,Currency Guide,通貨ガイド
ui.tip.currencyBody,크레딧은 정비·소모품에 쓰는 회전 재화입니다. 주행 데이터는 스킬·시설에 쓰는 축적 재화입니다.,Credits are the rotating currency for service and consumables. Drive Data is the accumulating currency for skills and facilities.,クレジットは整備・消耗品に使う回転型の通貨です。走行データはスキル・施設に使う蓄積型の通貨です。
ui.tip.dismiss,확인,OK,確認
ui.options.stepStillCut,정지 컷,Still Cut,静止カット
ui.stage.azureCoast,아주르 코스트,Azure Coast,アズールコースト
ui.circuit.ac1,리비에라 런,Riviera Run,リビエララン
ui.sector.ac1s1,코스트 하이웨이,Coast Highway,コーストハイウェイ
ui.sector.ac1s2,팜 커브,Palm Curve,パームカーブ
ui.sector.ac1s3,비치프런트,Beachfront,ビーチフロント
ui.sector.ac1s4,마리나 게이트,Marina Gate,マリーナゲート
ui.circuit.ac2,케이프 브레이커,Cape Breaker,ケープブレイカー
ui.sector.ac2s1,노스 쇼어 직선,North Shore Straight,ノースショア直線
ui.sector.ac2s2,곶 회전,Cape Turn,岬の旋回
ui.sector.ac2s3,크로스윈드 구간,Crosswind Section,クロスウィンド区間
ui.sector.ac2s4,사우스 런,South Run,サウスラン
ui.sector.ac2s5,등대 코너,Lighthouse Corner,灯台コーナー
ui.circuit.ac3,마리나 서킷,Marina Circuit,マリーナサーキット
ui.sector.ac3s1,항만 시케인,Harbor Chicane,港湾シケイン
ui.sector.ac3s2,방파제 대로,Breakwater Boulevard,防波堤大通り
ui.sector.ac3s3,요트 하버 유턴,Yacht Harbor U-Turn,ヨットハーバーUターン
ui.sector.ac3s4,씨사이드 스위프,Seaside Sweep,シーサイドスイープ
ui.circuit.ac4,그랑 아주르,Grand Azur,グラン・アズール
ui.sector.ac4s1,그랑 스트레이트,Grand Straight,グランストレート
ui.sector.ac4s2,오션 뷰 벤드,Ocean View Bend,オーシャンビューベンド
ui.sector.ac4s3,클리프 시케인,Cliff Chicane,クリフシケイン
ui.sector.ac4s4,터널 출구,Tunnel Exit,トンネル出口
ui.sector.ac4s5,하버 피니시,Harbor Finish,ハーバーフィニッシュ
ui.event.acWindWarning,해풍 경보,Sea Wind Warning,海風警報
ui.event.acResortSponsor,리조트 스폰서 데이,Resort Sponsor Day,リゾートスポンサーデー
ui.event.acBeachEncounter,비치 조우,Beach Encounter,ビーチでの遭遇
ui.event.acSaltWash,해염 세척,Salt Wash,塩分洗浄
ui.stage.altaRidge,알타 리지,Alta Ridge,アルタリッジ
ui.circuit.ar1,포트힐 클라임,Porthill Climb,ポートヒルクライム
ui.sector.ar1s1,산기슭 오르막,Foothill Climb,山麓の登り
ui.sector.ar1s2,포레스트 에스,Forest S-Curve,フォレストS字
ui.sector.ar1s3,올드 브리지 협로,Old Bridge Narrows,オールドブリッジ狭路
ui.sector.ar1s4,고원 마을 직선,Plateau Village Straight,高原の村 直線
ui.circuit.ar2,헤어핀 밸리,Hairpin Valley,ヘアピンバレー
ui.sector.ar2s1,제1 헤어핀군,First Hairpin Cluster,第1ヘアピン群
ui.sector.ar2s2,제2 헤어핀군,Second Hairpin Cluster,第2ヘアピン群
ui.sector.ar2s3,절벽 가드레일 구간,Cliffside Guardrail Section,崖のガードレール区間
ui.sector.ar2s4,밸리 플로어,Valley Floor,バレーフロア
ui.sector.ar2s5,계곡 출구 브레이킹 존,Valley Exit Braking Zone,谷の出口 ブレーキングゾーン
ui.circuit.ar3,릿지라인,Ridgeline,リッジライン
ui.sector.ar3s1,능선 고속 리듬,Ridge Rhythm,尾根の高速リズム
ui.sector.ar3s2,고도 구간,Altitude Section,高度区間
ui.sector.ar3s3,터널 관통,Tunnel Run-Through,トンネル貫通
ui.sector.ar3s4,다운힐 에스,Downhill S-Curve,ダウンヒルS字
ui.circuit.ar4,서밋 패스,Summit Pass,サミットパス
ui.sector.ar4s1,관문 시케인,Gateway Chicane,関門シケイン
ui.sector.ar4s2,파노라마 벤드,Panorama Bend,パノラマベンド
ui.sector.ar4s3,절개지 낙석 구간,Rockfall Cutting,切通しの落石区間
ui.sector.ar4s4,서밋 헤어핀,Summit Hairpin,サミットヘアピン
ui.sector.ar4s5,다운힐 피니시,Downhill Finish,ダウンヒルフィニッシュ
ui.event.arAltitudeCheck,고지 적응 점검,Altitude Adaptation Check,高地適応の点検
ui.event.arLodgeRest,산장 휴식,Lodge Rest,山荘での休憩
ui.event.arOldPass,옛 고갯길,The Old Pass,古い峠道
ui.event.arRescueCheer,산악 구조대 격려,Mountain Rescue Cheer,山岳救助隊の激励
ui.stage.mirageFlat,미라지 플랫,Mirage Flat,ミラージュフラット
ui.circuit.mf1,듄 크로싱,Dune Crossing,デューンクロッシング
ui.sector.mf1s1,사구 횡단로,Dune Crossing Road,砂丘の横断路
ui.sector.mf1s2,모래 유입 구간,Sand Drift Section,砂の流入区間
ui.sector.mf1s3,와디 벤드,Wadi Bend,ワジベンド
ui.sector.mf1s4,캠프 게이트 직선,Camp Gate Straight,キャンプゲート直線
ui.circuit.mf2,솔트 플랫,Salt Flat,ソルトフラット
ui.sector.mf2s1,솔트 스트레이트,Salt Straight,ソルトストレート
ui.sector.mf2s2,미러 라인,Mirror Line,ミラーライン
ui.sector.mf2s3,열파 구간,Heat Haze Section,熱波区間
ui.sector.mf2s4,플랫 커브,Flat Curve,フラットカーブ
ui.sector.mf2s5,그리드 피니시,Grid Finish,グリッドフィニッシュ
ui.circuit.mf3,캐니언 런,Canyon Run,キャニオンラン
ui.sector.mf3s1,협곡 진입 에스,Canyon Entry S-Curve,峡谷進入のS字
ui.sector.mf3s2,암벽 협로,Rock Wall Narrows,岩壁の狭路
ui.sector.mf3s3,그늘 협곡,Shaded Gorge,日陰の峡谷
ui.sector.mf3s4,캐니언 출구,Canyon Exit,キャニオン出口
ui.circuit.mf4,그레이트 미라지,Great Mirage,グレートミラージュ
ui.sector.mf4s1,호라이즌 스트레이트,Horizon Straight,ホライズンストレート
ui.sector.mf4s2,모래폭풍 상습 구간,Sandstorm Belt,砂嵐の常襲区間
ui.sector.mf4s3,폐허 시케인,Ruins Chicane,廃虚シケイン
ui.sector.mf4s4,선셋 벤드,Sunset Bend,サンセットベンド
ui.sector.mf4s5,오아시스 피니시,Oasis Finish,オアシスフィニッシュ
ui.event.mfSandstormWarning,모래폭풍 경보,Sandstorm Warning,砂嵐警報
ui.event.mfOasisCamp,오아시스 캠프,Oasis Camp,オアシスキャンプ
ui.event.mfDocumentary,횡단 다큐 촬영,Crossing Documentary Shoot,横断ドキュメンタリー撮影
ui.event.mfMirageSighting,신기루 목격담,Mirage Sighting,かげろうの目撃談
ui.stage.pulseDome,펄스 돔,The Pulse Dome,パルスドーム
ui.circuit.pd1,이그니션,Ignition,イグニッション
ui.sector.pd1s1,돔 메인 스트레이트,Dome Main Straight,ドームメインストレート
ui.sector.pd1s2,제1 뱅크,First Bank,第1バンク
ui.sector.pd1s3,인필드 스위프,Infield Sweep,インフィールドスイープ
ui.sector.pd1s4,피니시 뱅크,Finish Bank,フィニッシュバンク
ui.circuit.pd2,벨로시티,Velocity,ベロシティ
ui.sector.pd2s1,백스트레이트,Back Straight,バックストレート
ui.sector.pd2s2,하이 뱅크,High Bank,ハイバンク
ui.sector.pd2s3,크로스오버 직선,Crossover Straight,クロスオーバー直線
ui.sector.pd2s4,세컨드 뱅크,Second Bank,セカンドバンク
ui.sector.pd2s5,라인 교차 피니시,Line Cross Finish,ライン交差フィニッシュ
ui.circuit.pd3,크루서블,Crucible,クルーシブル
ui.sector.pd3s1,인필드 시케인군,Infield Chicane Cluster,インフィールドシケイン群
ui.sector.pd3s2,조명 전환 구간,Lighting Shift Section,照明転換区間
ui.sector.pd3s3,돔 터널 섹션,Dome Tunnel Section,ドームトンネル区間
ui.sector.pd3s4,스타디움 헤어핀,Stadium Hairpin,スタジアムヘアピン
ui.circuit.pd4,더 제니스,The Zenith,ザ・ゼニス
ui.sector.pd4s1,메인 스트레이트,Main Straight,メインストレート
ui.sector.pd4s2,챔피언 시케인,Champion Chicane,チャンピオンシケイン
ui.sector.pd4s3,하이 뱅크,High Bank,ハイバンク
ui.sector.pd4s4,터널 명암 구간,Tunnel Light-Dark Section,トンネルの明暗区間
ui.sector.pd4s5,제니스 코너,Zenith Corner,ゼニスコーナー
ui.event.pdMediaDay,미디어 데이,Media Day,メディアデー
ui.event.pdLeagueGala,리그 갈라,League Gala,リーグガラ
ui.event.pdCeremonyRehearsal,세리머니 리허설,Ceremony Rehearsal,セレモニーリハーサル
ui.event.pdPitWalk,피트 워크,Pit Walk,ピットウォーク
raceLog.consumableUse01,{item} 사용.,{item} used.,{item} 使用。
ui.milestone.firstFinish,첫 완주,First Finish,初完走
ui.milestone.firstPoint,첫 포인트,First Point,初ポイント
ui.milestone.firstPodium,첫 포디움,First Podium,初ポディウム
ui.milestone.firstGpWin,첫 그랑프리 우승,First Grand Prix Win,初グランプリ優勝
ui.milestone.firstTourWin,첫 투어 우승,First Tour Win,初ツアー優勝
ui.milestone.seasonChampion,시즌 챔피언,Season Champion,シーズンチャンピオン
ui.milestone.lorentzBeat,로렌츠 첫 격파,First Win over Lorenz,ローレンツ初撃破
ui.milestone.beatLorentz,로렌츠 첫 선착,First Finish ahead of Lorenz,ローレンツに初先着
ui.milestone.beatMaro,마로 첫 선착,First Finish ahead of Marceau,マルソーに初先着
ui.milestone.beatDiaz,디아스 첫 선착,First Finish ahead of Diaz,ディアスに初先着
ui.milestone.beatVolkova,볼코바 첫 선착,First Finish ahead of Volkova,ヴォルコワに初先着
ui.milestone.beatHolloway,홀로웨이 첫 선착,First Finish ahead of Holloway,ホロウェイに初先着
ui.milestone.beatBianca,비앙카 첫 선착,First Finish ahead of Bianca,ビアンカに初先着
ui.milestone.beatSherwood,셔우드 첫 선착,First Finish ahead of Sherwood,シャーウッドに初先着
ui.milestone.beatJude,주드 첫 선착,First Finish ahead of Jude,ジュードに初先着
ui.achievement.firstFinish,첫 완주,First Finish,初完走
ui.achievement.firstPoint,첫 포인트,First Point,初ポイント
ui.achievement.firstPodium,첫 포디움,First Podium,初ポディウム
ui.achievement.firstGpWin,첫 그랑프리 우승,First Grand Prix Win,初グランプリ優勝
ui.achievement.firstTourWin,첫 투어 우승,First Tour Win,初ツアー優勝
ui.achievement.seasonChampion,시즌 챔피언,Season Champion,シーズンチャンピオン
ui.achievement.doubleChampion,더블 챔피언,Double Champion,ダブルチャンピオン
ui.achievement.grandSlam,그랜드 슬램,Grand Slam,グランドスラム
ui.achievement.perfectSeason,퍼펙트 시즌,Perfect Season,パーフェクトシーズン
ui.achievement.allCircuits,전 서킷 제패,All Circuits Conquered,全サーキット制覇
ui.achievement.beatLorentz,로렌츠 첫 선착,First Finish ahead of Lorenz,ローレンツに初先着
ui.achievement.beatMaro,마로 첫 선착,First Finish ahead of Marceau,マルソーに初先着
ui.achievement.beatDiaz,디아스 첫 선착,First Finish ahead of Diaz,ディアスに初先着
ui.achievement.beatVolkova,볼코바 첫 선착,First Finish ahead of Volkova,ヴォルコワに初先着
ui.achievement.beatHolloway,홀로웨이 첫 선착,First Finish ahead of Holloway,ホロウェイに初先着
ui.achievement.beatBianca,비앙카 첫 선착,First Finish ahead of Bianca,ビアンカに初先着
ui.achievement.beatSherwood,셔우드 첫 선착,First Finish ahead of Sherwood,シャーウッドに初先着
ui.achievement.beatJude,주드 첫 선착,First Finish ahead of Jude,ジュードに初先着
ui.achievement.beatLorentzGp,왕좌를 넘다,Past the Throne,王座を越える
ui.achievement.relationThrone,대등,On Equal Terms,対等
ui.achievement.relationReunion,재회의 끝,The End of the Reunion,再会の果て
ui.achievement.relationKinship,호적수,Worthy Rival,好敵手
ui.achievement.relationSuccession,계승,Succession,継承
ui.achievement.relationSuccessionMaro,두 번째 계승,The Second Succession,二度目の継承
ui.achievement.firstDuelWin,첫 듀얼 승리,First Duel Win,初デュエル勝利
ui.achievement.duel10Wins,듀얼 통산 10승,Ten Duel Wins,デュエル通算10勝
ui.achievement.cleanGp,무트러블 그랑프리,Trouble-Free Grand Prix,ノートラブルのグランプリ
ui.achievement.chanceThreeMatch,찬스 3매치,Chance Three-Match,チャンス3マッチ
ui.achievement.noInterventionWin,무개입 우승,Win Without Intervening,無介入での優勝
ui.achievement.finalLapComeback,최종 랩 역전 우승,Final-Lap Comeback Win,最終ラップ逆転優勝
ui.achievement.crewComplete,크루 완성,Full Crew,クルー完成
ui.achievement.allSkills,전 스킬 해금,All Skills Unlocked,全スキル解放
ui.achievement.deckSlots5,덱 슬롯 5,Five Deck Slots,デッキスロット5
ui.achievement.allFacilities,개러지 완성,Garage Complete,ガレージ完成
ui.achievement.rivalFiles,라이벌 파일 완성,Rival Files Complete,ライバルファイル完成
ui.achievement.l3Throne,왕좌의 목격,Witness to the Throne,王座の目撃
ui.achievement.l3Reunion,재회의 목격,Witness to the Reunion,再会の目撃
ui.achievement.l3Kinship,역전의 목격,Witness to the Turnaround,逆転の目撃
ui.achievement.scriptedP2,왕좌의 코앞,A Step from the Throne,王座の目前
ui.achievement.header,업적,Achievements,実績
ui.achievement.tabCareer,커리어,Career,キャリア
ui.achievement.tabRival,라이벌,Rivals,ライバル
ui.achievement.tabDriving,드라이빙,Driving,ドライビング
ui.achievement.tabGarage,개러지,Garage,ガレージ
ui.achievement.tabArchive,아카이브,Archive,アーカイブ
ui.achievement.summaryFormat,달성 {done} / {total} ({percent}%),Earned {done} / {total} ({percent}%),達成 {done} / {total} ({percent}%)
ui.achievement.hiddenSlot,???,???,???
ui.achievement.progressFormat,{current} / {threshold},{current} / {threshold},{current} / {threshold}
ui.achievement.markDone,달성,Earned,達成
ui.achievement.markPending,미달성,Not Earned,未達成
ui.achievement.seasonFormat,시즌 {season},Season {season},シーズン{season}
ui.achievement.seasonUnknown,—,—,—
ui.achievement.serviceUnlinked,도전과제 미연동 — 게임 내 달성 기록은 그대로 유지됩니다.,Achievements not linked — in-game records are kept as they are.,実績は未連携 — ゲーム内の達成記録はそのまま保持されます。
ui.achievement.close,닫기,Close,閉じる
ui.title.achievements,업적,Achievements,実績
ui.tutorial.spin,본 유닛 대기. 전개 후보 산출 — 개시 입력 요청.,This unit standing by. Development candidates computed — input requested to begin.,本ユニット待機。展開候補 算出 — 開始入力を要請。
ui.tutorial.hold,후보 고정 가능. 유지 항목을 지목하십시오.,Candidates can be locked. Designate the items to keep.,候補の固定が可能。維持する項目を指定してください。
ui.tutorial.respin,잔여 항목 재연산. 턴당 1회. 비용 차지 1.,Remaining items recomputed. Once per turn. Cost: charge 1.,残余項目を再演算。ターンにつき1回。費用チャージ1。
ui.tutorial.charge,차지 2 소모. 트러블 변수 소거. 권장 — 없음.,Charge 2 consumed. Trouble variable cleared. Recommendation — none.,チャージ2を消費。トラブル変数を消去。推奨 — なし。
ui.tutorial.confirm,잠정 결과 = 전개 후보. 확정 시 사건화.,Provisional result = development candidate. On confirmation it becomes event.,暫定結果 = 展開候補。確定で事件化。
ui.tutorial.skip,건너뛰기,Skip,スキップ
ui.tutorial.stepFormat,{current}/{total},{current}/{total},{current}/{total}
vn.act1.beat01,개러지. 차고 한 칸과 머신 한 대.,"The garage. One bay, one machine.",ガレージ。車庫ひとつ、マシン一台。
vn.act1.beat02,노스윈드 개러지에 남은 건 이게 전부다.,This is all that is left of Northwind.,ノースウィンドに残ったのはこれで全部だ。
vn.act1.beat03,그래도 굴러갑니다. 어제 밤새 확인했어요.,It still runs. I checked it all last night.,それでも走ります。昨夜ずっと確認しました。
vn.act1.beat04,섀시 코드 NW-01. 이름은 보레아스.,Chassis code NW-01. The name is Boreas.,シャシーコード NW-01。名はボレアス。
vn.act1.beat05,채권 정리 과정에서 헐값에 건졌다.,Pulled cheap out of a debt settlement.,債権整理の過程で安値で拾った。
vn.act1.beat06,관제 유닛에 신호가 들어온다.,A signal reaches the control unit.,管制ユニットに信号が入る。
vn.act1.beat07,본 유닛 기동. 식별자 = 베인.,This unit online. Identifier = VEIN.,本ユニット起動。識別子 = ヴェイン。
vn.act1.beat08,주행 이력 조회 실패. 참조 데이터 없음.,Drive history lookup failed. No reference data.,走行履歴の照会に失敗。参照データなし。
vn.act1.beat09,…방금 뭐라고 한 거예요?,…What did it just say?,…今、なんて言ったんですか?
vn.act1.beat10,이 팀처럼 아무것도 없다는 뜻이지.,It means it has nothing. Like this team.,このチームと同じで何もないという意味だ。
vn.act1.beat11,카 넘버 13. 아무도 달지 않는 번호다.,Car number 13. Nobody runs it.,カーナンバー13。誰も付けない番号だ。
vn.act1.beat12,그러니 아무도 우리를 보지 않는다.,So nobody is watching us.,だから誰もこちらを見ない。
vn.act1.react1,좋다. 그 손으로 몰아라.,Good. Drive with those hands.,いい。その手で走らせろ。
vn.act1.react2,저는 그 번호 마음에 들어요.,I like that number.,僕はその番号、気に入ってます。
vn.act1.react3,묻지 마라. 답은 트랙에 있다.,Do not ask. The answer is on the track.,聞くな。答えはトラックにある。
vn.act2.beat01,포디움에서 내려온 뒤의 피트.,"The pit, just down from the podium.",ポディウムから降りた後のピット。
vn.act2.beat02,표시판에 우리 팀 이름이 떴어요.,Our team name was up on the board.,表示板にうちのチーム名が出ました。
vn.act2.beat03,노스윈드. 세 번째 자리에.,Northwind. In third place.,ノースウィンド。3番目に。
vn.act2.beat04,그 표시판에 오랜만에 올랐다.,It has been a long time on that board.,あの表示板に久しぶりに載った。
vn.act2.beat05,패독의 시선이 이쪽을 향한다.,The paddock turns its eyes this way.,パドックの視線がこちらを向く。
vn.act2.beat06,이제 저쪽도 이 번호를 적어둘 거다.,Now they will write this number down.,これで向こうもこの番号を書き留める。
vn.act2.beat07,보레아스가 무슨 뜻인지 아세요?,Do you know what Boreas means?,ボレアスの意味、知ってますか?
vn.act2.beat08,북풍의 신이래요. 찾아봤습니다.,The god of the north wind. I looked it up.,北風の神だそうです。調べました。
vn.act2.beat09,…누가 그런 이름을 붙였을까.,…Who gave it a name like that.,…誰がそんな名を付けたのか。
vn.act2.beat10,명명 기록 조회 실패. 접근 권한 없음.,Naming record lookup failed. No access rights.,命名記録の照会に失敗。アクセス権限なし。
vn.act2.beat11,그런 것도 막혀 있어요?,Even that is blocked?,そんなところまで塞がれてるんですか?
vn.act2.beat12,해당 영역은 조회 대상 밖입니다.,That area is outside the lookup scope.,当該領域は照会対象の外です。
vn.act3.beat01,투어 종합 1위. 트로피는 없다.,First in the tour standing. No trophy.,ツアー総合1位。トロフィーはない。
vn.act3.beat02,투어 하나를 가져왔다.,We took a tour.,ツアーを一つ取った。
vn.act3.beat03,팩토리 팀들 사이에서요.,In among the factory teams.,ファクトリーチームの中で。
vn.act3.beat04,저쪽 계산에는 없던 결과다.,A result their math never had.,向こうの計算にはなかった結果だ。
vn.act3.beat05,대회 4전 누적 = 예측 분포 이탈.,4-race total = outside expected distribution.,大会4戦の累積 = 予測分布から逸脱。
vn.act3.beat06,이탈 원인 미상. 재현 조건 불명.,Cause unknown. Reproduction conditions unclear.,逸脱原因は不明。再現条件も不明。
vn.act3.beat07,재현될 필요는 없다.,It does not need to be reproduced.,再現される必要はない。
vn.act3.beat08,한 코너면 된다.,One corner is enough.,一つのコーナーで足りる。
vn.act3.beat09,마르타가 화이트보드에 코너 하나를 그린다.,Marta draws a single corner on the board.,マルタがホワイトボードにコーナーを一つ描く。
vn.act3.beat10,저쪽은 랩 전체를 계산한다.,They calculate the whole lap.,向こうはラップ全体を計算する。
vn.act3.beat11,우리는 그중 한 순간만 가져오면 된다.,We only need to take one moment of it.,こちらはその中の一瞬だけ取ればいい。
vn.act3.beat12,해당 접근의 성립 조건 산출 중.,Computing the conditions for that approach.,当該方式の成立条件を算出中。
vn.act3.react1,그 얼굴이면 됐다.,That face is enough.,その顔なら十分だ。
vn.act3.react2,여기냐. 눈은 나쁘지 않군.,"Here, then. Your eyes are not bad.",ここか。目は悪くないな。
vn.act3.react3,시선 방향 기록. 우선순위 갱신합니다.,Gaze direction logged. Updating priorities.,視線方向を記録。優先順位を更新します。
vn.act4.beat01,로렌츠보다 앞서 체커를 받은 날의 개러지.,"The garage, the day the flag came first.",ローレンツより先着した日のガレージ。
vn.act4.beat02,1번보다 먼저 들어왔어요. 진짜로요.,We came in ahead of No.1. Really.,1番より先に入りました。本当に。
vn.act4.beat03,한 대회다. 챔피언십은 저쪽이 위다.,One race. The championship is still theirs.,一大会だ。チャンピオンシップは向こうが上だ。
vn.act4.beat04,그래도 나란히 달렸어요. 마지막 랩까지.,We still ran side by side. To the last lap.,それでも並んで走りました。最終ラップまで。
vn.act4.beat05,…그래. 나란히 달렸다.,…Yes. Side by side.,…そうだ。並んで走った。
vn.act4.beat06,최종 랩 전 구간 접촉 거리 유지 확인.,Contact distance held through the final lap.,最終ラップ全区間で接触距離の維持を確認。
vn.act4.beat07,20년 전에 이 팀이 원한 게 그거다.,That is what this team wanted 20 years ago.,20年前にこのチームが望んだのはそれだ。
vn.act4.beat08,왕을 밟는 게 아니라 옆에 서는 것.,Not to step on the king. To stand beside.,王を踏むのではなく、隣に立つこと。
vn.act4.beat09,이제 섰는데요.,We are standing there now.,もう立ってますよ。
vn.act4.beat10,미완성인 채로 섰다. 그게 더 낫다.,We stood there unfinished. That is better.,未完成のまま立った。その方がいい。
vn.act4.beat11,정의 불명 항목. 학습 대상으로 등록합니다.,Undefined item. Registered for learning.,定義不明の項目。学習対象として登録します。
vn.act4.react1,오늘은 그걸로 됐다.,"For today, that is enough.",今日はそれでいい。
vn.act4.react2,저도 봤어요. 전부 다요.,I saw it too. All of it.,僕も見ました。全部。
vn.origin.beat01,개러지의 문이 닫힌다.,The garage door closes.,ガレージの扉が閉まる。
vn.origin.beat02,보레아스를 어디서 건졌는지 말했지.,I told you where Boreas was pulled from.,ボレアスをどこで拾ったかは話した。
vn.origin.beat03,누가 만들었는지는 말하지 않았다.,Who built it was never said.,誰が造ったかは話していない。
vn.origin.beat04,악시온 다이내믹스다.,Axion Dynamics.,アクシオン・ダイナミクスだ。
vn.origin.beat05,…저쪽이 이걸 만들었다고요?,…They built this?,…向こうがこれを造ったんですか?
vn.origin.beat06,만들었다. 그리고 버렸다.,They built it. Then discarded it.,造った。そして捨てた。
vn.origin.beat07,같은 입력에 같은 출력 — 저쪽 신조다.,"Same input, same output — that is their creed.",同じ入力に同じ出力 — 向こうの信条だ。
vn.origin.beat08,이 관제 유닛은 그 신조를 못 지켰다.,This control unit could not keep that creed.,この管制ユニットはその信条を守れなかった。
vn.origin.beat09,미승인 출력 기록 확인. 재현 검증 실패.,Unsanctioned output logged. Retest failed.,未承認出力の記録を確認。再現検証は失敗。
vn.origin.beat10,검증을 맡은 테스트 드라이버가 있었다.,There was a test driver assigned to verify.,検証を担ったテストドライバーがいた。
vn.origin.beat11,빅터 로렌츠다.,Viktor Lorenz.,ヴィクター・ローレンツだ。
vn.origin.beat12,…그 사람이요?,…That one?,…あの人が?
vn.origin.beat13,완전한 제어로는 열리지 않았다.,Perfect control never opened it.,完全な制御では開かなかった。
vn.origin.beat14,결함으로 보고했고 저쪽은 폐기했다.,"Reported as a defect, and discarded.",欠陥として報告され、向こうは廃棄した。
vn.origin.beat15,그 판단은 저쪽 세계에서는 옳았다.,"In their world, that call was correct.",その判断は向こうの世界では正しかった。
vn.origin.beat16,우리는 제어하지 않았다. 그게 전부다.,We did not control it. That is all.,こちらは制御しなかった。それが全部だ。
vn.epilogue.beat01,두 번째 시즌의 결산이 끝난 개러지.,"The garage, the second season settled.",二度目のシーズンの決算が終わったガレージ。
vn.epilogue.beat02,연속 두 번이에요. 기록실에 남았어요.,Two in a row. It is in the Records Room.,連続で二度です。記録室に残りました。
vn.epilogue.beat03,더블 챔피언. 이제 둘이다.,Double Champion. There are two now.,ダブルチャンピオン。これで二人だ。
vn.epilogue.beat04,로렌츠 쪽은요?,And Lorenz?,ローレンツの方は?
vn.epilogue.beat05,그대로다. 빼앗는 칭호가 아니다.,Unchanged. It is not a title that is taken.,そのままだ。奪う称号ではない。
vn.epilogue.beat06,벽에는 20년 전 팀 사진이 걸려 있다.,A team photo from 20 years back hangs there.,壁には20年前のチーム写真が掛かっている。
vn.epilogue.beat07,이 팀은 한 번 죽었다가 여기까지 왔다.,This team died once and came this far.,このチームは一度死んでここまで来た。
vn.epilogue.beat08,다음은 네 차례겠지.,Next will be your turn.,次はそちらの番だろう。
vn.epilogue.beat09,제가요?,Me?,僕が?
vn.epilogue.beat10,언젠가는 그렇게 된다.,One day it will be so.,いつかそうなる。
vn.epilogue.beat11,다음 시즌 참조 데이터 = 두 시즌분.,Next season reference data = two seasons.,次シーズンの参照データ = 二シーズン分。
vn.epilogue.beat12,이번에는 조회에 실패하지 않습니다.,This time the lookup will not fail.,今回は照会に失敗しません。
vn.epilogue.react1,이거 지금 받으라는 거예요?,Am I meant to take this now?,これ、今受け取れってことですか?
vn.epilogue.react2,그 사진에 없는 얼굴이 둘이다.,Two faces are missing from that photo.,その写真にない顔が二つある。
vn.reunion.beat01,알타 리지. 고지대의 얇은 공기.,Alta Ridge. Thin air at altitude.,アルタリッジ。高地の薄い空気。
vn.reunion.beat02,여기 예선이 제일 어렵다던데요.,They say qualifying here is the hardest.,ここの予選が一番難しいそうです。
vn.reunion.beat03,실버트레일이 이 무대에 강하다.,Silvertrail is strong on this stage.,シルバートレイルはこの舞台に強い。
vn.reunion.beat04,실버트레일이면 셔우드 씨네요.,Silvertrail — that means Sherwood.,シルバートレイルならシャーウッドさんですね。
vn.reunion.beat05,그 이름은 여기서 꺼내지 마라.,Do not bring up that name here.,その名はここで出すな。
vn.crewNadia.beat01,포디움 다음 날의 패독.,"The paddock, the day after the podium.",ポディウムの翌日のパドック。
vn.crewNadia.beat02,노스윈드. 이제 부를 이름이 생긴 팀이죠.,Northwind. A team with a name to call now.,ノースウィンド。呼ぶ名のできたチームですね。
vn.crewNadia.beat03,스폰서 셋이 13번을 물어봤습니다.,Three sponsors asked about number 13.,スポンサー3社が13番を尋ねました。
vn.crewNadia.beat04,우리 예산으로는 당신을 못 쓴다.,Our budget cannot afford you.,こちらの予算では雇えない。
vn.crewNadia.beat05,계약서는 제가 씁니다. 값은 나중에.,I will write the contracts. Pay me later.,契約書は私が書きます。代金は後で。
vn.crewNadia.beat06,옆 개러지도 이쪽을 봐요. 주드요.,The next garage is watching too. Jude.,隣のガレージもこちらを見てます。ジュードが。
vn.crewNadia.beat07,루키끼리는 서로를 제일 먼저 봐요.,Rookies notice each other first.,ルーキー同士は互いを一番早く見ます。
vn.crewNadia.beat08,…저는 이 팀의 전성기를 봤어요.,…I saw this team at its height.,…私はこのチームの盛期を見ました。
vn.crewNadia.beat09,그때 자리에 있었나.,You were there back then.,あの頃その場にいたのか。
vn.crewOscar.beat01,개러지 문이 열려 있다. 낯선 남자가 있다.,The garage door is open. A stranger inside.,ガレージの扉が開いている。見知らぬ男がいる。
vn.crewOscar.beat02,"이 펄스 드라이브, 뜯어봐도 됩니까.",May I open up this pulse drive?,このパルスドライブ、開けてもいいですか。
vn.crewOscar.beat03,누구냐.,Who are you.,誰だ。
vn.crewOscar.beat04,오스카 브란트. 파워트레인을 봅니다.,Oskar Brandt. I work on powertrains.,オスカル・ブラント。パワートレインを見ます。
vn.crewOscar.beat05,합류하러 온 건 아닙니다. 구경입니다.,I did not come to join. I came to look.,加入に来たのではない。見物です。
vn.crewOscar.beat06,소문 듣고 왔대요. 이긴다는 소문요.,He came for the rumor. That we win.,勝つといううわさを聞いて来たそうです。
vn.crewOscar.beat07,이건 어디서도 본 적 없는 물건이다.,This is a thing I have seen nowhere else.,これはどこでも見たことのない物だ。
vn.crewOscar.beat08,내가 없으면 당신들은 이걸 죽인다.,Without me you will kill it.,私がいなければこれを殺すことになる。
vn.crewOscar.beat09,그 말은 계약서에 안 쓴다.,That line does not go in the contract.,その言葉は契約書に書かない。
vn.crewSasha.beat01,개러지의 작업등 아래. 낯익은 얼굴이 서 있다.,Under the garage work lights. A familiar face.,ガレージの作業灯の下。見慣れた顔が立っている。
vn.crewSasha.beat02,사샤.,Sasha.,サーシャ。
vn.crewSasha.beat03,오래됐네요.,It has been a while.,久しぶりですね。
vn.crewSasha.beat04,그 뒤로 아무 말도 하지 않는다.,After that she says nothing.,その後は何も言わない。
vn.crewSasha.beat05,저쪽에서 버린 걸 여기서 달리게 하네요.,What they discarded runs here.,向こうが捨てた物をここで走らせてますね。
vn.crewSasha.beat06,달리고 있다. 그게 전부다.,It runs. That is all.,走っている。それが全部だ。
vn.crewSasha.beat07,저쪽 보고서에는 못 쓰는 문장이에요.,That sentence cannot go in their report.,向こうの報告書には書けない文です。
vn.crewSasha.beat08,데이터가 설명하지 못하는 걸 봤습니다.,I saw something the data cannot explain.,データが説明できないものを見ました。
vn.crewSasha.beat09,그걸 분석할 자리는 여기뿐이더군요.,The only desk that can analyse it is here.,それを分析できる席はここだけでした。
vn.crewSasha.beat10,자리는 비어 있었다. 늘.,The desk was empty. Always.,席は空いていた。ずっと。
vn.clueLocked.beat01,제어계 업데이트 중. 테오가 손을 뗀다.,Mid control-system update. Theo lifts his hands.,制御系の更新中。テオが手を止める。
vn.clueLocked.beat02,여기 안 열리는 영역이 있어요.,There is an area here that will not open.,ここ、開かない領域があります。
vn.clueLocked.beat03,잠가 뒀나.,Did we lock it.,施錠しておいたのか。
vn.clueLocked.beat04,우리가 만든 방화벽이 아니에요.,This is not a firewall we built.,僕たちが作った壁じゃありません。
vn.clueLocked.beat05,…원래부터 있던 겁니다.,…It was here from the start.,…元からあったものです。
vn.clueSilence.beat01,그리드 뒤편. 사샤가 보레아스를 보고 있다.,Behind the grid. Sasha is looking at Boreas.,グリッドの裏。サーシャがボレアスを見ている。
vn.clueSilence.beat02,"저 사람, 저희 머신 아세요?",Does she know our machine?,あの人、うちのマシンを知ってます?
vn.clueSilence.beat03,…그건 다룰 수 있는 물건이 아니야. 아무도.,…That is not a thing anyone can handle. No one.,…それは扱える物じゃない。誰にも。
vn.clueSilence.beat04,그대로 자리를 뜬다.,She leaves without another word.,そのまま立ち去る。
vn.clueSilence.beat05,묻지 마라. 저쪽도 답을 모른다.,Do not ask. They do not have the answer either.,聞くな。向こうも答えを知らない。
vn.clueAxion.lorentz01,요행은 재현되지 않는다. 데이터가 증명할 거다.,A fluke does not reproduce. Data will prove it.,偶然は再現されない。データが証明する。
vn.clueAxion.maro01,"…그 기체, 아직도 달리고 있었나.","…That machine. Still running, was it.",…あの機体、まだ走っていたのか。
vn.featFinish.beat01,체커를 받은 뒤의 피트. 머신이 아직 뜨겁다.,The pit after the flag. The machine still hot.,チェッカー後のピット。マシンがまだ熱い。
vn.featFinish.beat02,완주했어요. 끝까지 굴러갔어요.,We finished. All the way to the end.,完走しました。最後まで走りました。
vn.featFinish.beat03,굴러갔다. 그게 오늘의 성과다.,It ran. That is today's result.,走った。それが今日の成果だ。
vn.featFinish.beat04,순위는 안 보세요?,You are not looking at the position?,順位は見ないんですか?
vn.featFinish.beat05,순위는 다음이다.,Position comes next.,順位は次だ。
vn.featFinish.beat06,완주 기록 1건. 참조 데이터 갱신.,"Finish logged, one. Reference data updated.",完走記録1件。参照データを更新。
vn.featFinish.beat07,이 팀의 첫 줄이다.,This is this team's first line.,このチームの最初の行だ。
vn.featFinish.beat08,기록실에 남겠네요.,It will be in the Records Room.,記録室に残りますね。
vn.featFinish.beat09,그 줄은 우리가 썼다.,We wrote that line.,その行はこちらが書いた。
vn.featPoint.beat01,결과판. 노스윈드 옆에 숫자가 붙었다.,The result board. A number beside Northwind.,結果板。ノースウィンドの横に数字がついた。
vn.featPoint.beat02,포인트예요. 0이 아니에요.,Points. Not zero anymore.,ポイントです。0じゃありません。
vn.featPoint.beat03,표에 우리 줄이 생겼다.,We have a row on the table now.,表にこちらの行ができた。
vn.featPoint.beat04,챔피언십 누적 갱신. 0에서 유효값.,Championship total updated. Zero to a value.,チャンピオンシップ累計を更新。0から有効値へ。
vn.featPoint.beat05,이거 계속 쌓이는 거죠?,"These keep stacking, right?",これ、ずっと積まれるんですよね?
vn.featPoint.beat06,쌓인다. 빠지지도 않는다.,They stack. They do not come off.,積まれる。抜かれもしない。
vn.featPoint.beat07,그래서 처음이 제일 무겁다.,That is why the first one is heaviest.,だから最初が一番重い。
vn.featPoint.beat08,가볍게 들었는데요.,I lifted it lightly though.,軽く持ちましたけど。
vn.featPoint.beat09,들 수 있으면 됐다.,Being able to lift it is enough.,持てるならそれでいい。
vn.featTourWin.beat01,투어 결산판 앞. 종합 1위에 노스윈드.,Before the tour board. Northwind first overall.,ツアー決算板の前。総合1位にノースウィンド。
vn.featTourWin.beat02,투어를 가져왔어요. 하나 통째로요.,We took a tour. A whole one.,ツアーを取りました。丸ごと一つ。
vn.featTourWin.beat03,대회 넷을 합쳐 이겼다.,Four races added up to a win.,大会四つを合わせて勝った。
vn.featTourWin.beat04,한 번 잘한 게 아니라는 뜻이다.,It means it was not one good day.,一度うまくいったのではないという意味だ。
vn.featTourWin.beat05,팩토리 셋을 앞에 두고요.,With three factory teams ahead of us.,ファクトリー三つを前にしてです。
vn.featTourWin.beat06,투어 종합 1위. 참조 사례 없음.,Tour standing first. No reference case.,ツアー総合1位。参照事例なし。
vn.featTourWin.beat07,기록에는 없던 결과다.,A result the records did not have.,記録になかった結果だ。
vn.featTourWin.beat08,다음 투어도 있어요.,There is another tour next.,次のツアーもありますよ。
vn.featTourWin.beat09,있다. 오늘은 이걸 본다.,There is. Today we look at this.,ある。今日はこれを見る。
vn.seasonOpen.beat01,리그 캘린더가 붙는다. 무대 다섯.,The league calendar goes up. Five stages.,リーグカレンダーが出た。舞台は五つ。
vn.seasonOpen.beat02,한 해가 종이 한 장이에요.,A whole year on one sheet of paper.,一年が紙一枚に収まってます。
vn.seasonOpen.beat03,한 장이면 됐다. 순서대로 간다.,One sheet is enough. We go in order.,一枚で足りる。順に行く。
vn.seasonClose.beat01,정비대에 낡은 부품이 쌓여 있다.,Worn parts pile up on the bench.,整備台に古い部品が積まれている。
vn.seasonClose.beat02,하나는 남겨두죠.,Let's keep one.,一つは残しましょう。
vn.seasonClose.beat03,한 시즌이 저만큼이다.,One season comes to that much.,一シーズンがあれだけです。
vnChoice.act1.opt1,[스티어링을 고쳐 쥔다],[Regrip the wheel],[ステアリングを握り直す]
vnChoice.act1.opt2,[13번을 손으로 덮는다],[Cover the 13 by hand],[13番を手で覆う]
vnChoice.act1.opt3,[마르타를 본다],[Look at Marta],[マルタを見る]
vnChoice.act3.opt1,[고개를 끄덕인다],[Nod],[うなずく]
vnChoice.act3.opt2,[코너 하나를 짚는다],[Point at one corner],[コーナーを一つ指す]
vnChoice.act3.opt3,[베인의 파형을 본다],[Watch the waveform],[ヴェインの波形を見る]
vnChoice.act4.opt1,[헬멧을 내려놓는다],[Set the helmet down],[ヘルメットを置く]
vnChoice.act4.opt2,[테오의 어깨를 친다],[Clap Theo on the shoulder],[テオの肩をたたく]
vnChoice.epilogue.opt1,[테오에게 공구를 건넨다],[Hand Theo a tool],[テオに工具を渡す]
vnChoice.epilogue.opt2,[벽의 사진을 본다],[Look at the wall photo],[壁の写真を見る]
