id,speaker_key,char_id,side,waveform,face_offset_y
vnspk_marta,ui.vn.speakerMarta,crew_marta,left,0,27
vnspk_theo,ui.vn.speakerTheo,crew_theo,right,0,3
vnspk_sasha,ui.vn.speakerSasha,crew_sasha,right,0,16
vnspk_oscar,ui.vn.speakerOscar,crew_oscar,right,0,19
vnspk_nadia,ui.vn.speakerNadia,crew_nadia,right,0,4
vnspk_lorentz,ui.vn.speakerLorentz,ai_lorentz,right,0,20
vnspk_maro,ui.vn.speakerMaro,ai_maro,right,0,16
vnspk_vane,ui.vn.speakerVane,,right,1,-1
vnspk_narration,ui.vn.speakerNarration,,none,0,-1
